datetime,annotator,incident_ID,stakeholders,harm_category,harm_subcategory,harm_type,notes,timestamp
2024-03-14,US,AIAAIC1372,Vulnerable groups,Human rights & civil liberties,Discrimination,Actual,,1710434176
2024-03-14,GA,AIAAIC1372,Vulnerable groups,Emotional & psychological,Anxiety/distress/depression,Actual,,1710434207
2024-03-14,GA,AIAAIC1372,General public,Emotional & psychological,Anxiety/distress/depression,Actual,,1710434207
2024-03-14,GA,AIAAIC1372,Government/public sector,Political & economic,Political instability,Potential,,1710434207
2024-03-14,CP,AIAAIC1372,Vulnerable groups,Emotional & psychological,Anxiety/distress/depression,Actual,,1710434377
2024-03-14,CP,AIAAIC1372,Government/public sector,Political & economic,Institutional trust loss,Actual,,1710434377
2024-03-14,PN,AIAAIC1372,Government/public sector,Political & economic,Political instability,Actual,,1710434395
2024-03-14,PN,AIAAIC1372,Government/public sector,Emotional & psychological,Intimidation,Actual,,1710434395
2024-03-14,PN,AIAAIC1372,Government/public sector,Emotional & psychological,Radicalisation,Actual,,1710434395
2024-03-14,PN,AIAAIC1372,Government/public sector,Reputational,Defamation/libel/slander,Actual,,1710434395
2024-03-14,EP,AIAAIC1372,Vulnerable groups,Reputational,Defamation/libel/slander,Potential,,1710434489
2024-03-14,LW,AIAAIC1372,General public,Emotional & psychological,Anxiety/distress/depression,Actual,,1710434546
2024-03-14,LW,AIAAIC1372,Vulnerable groups,Emotional & psychological,Anxiety/distress/depression,Actual,,1710434546
2024-03-14,LW,AIAAIC1372,Government/public sector,Emotional & psychological,Anxiety/distress/depression,Actual,,1710434546
2024-03-14,LW,AIAAIC1372,Government/public sector,Political & economic,Political instability,Potential,,1710434546
2024-03-14,LW,AIAAIC1372,Government/public sector,Political & economic,Critical infrastructure damage,Potential,,1710434546
2024-03-14,JK,AIAAIC1372,Government/public sector,Emotional & psychological,Anxiety/distress/depression,Potential,,1710434588
2024-03-14,JK,AIAAIC1372,Government/public sector,Emotional & psychological,Dignity loss,Potential,,1710434588
2024-03-14,JK,AIAAIC1372,Government/public sector,Political & economic,Political instability,Actual,"The harm is more - ""political slow down"" for the political stakeholders (hard to say if that is a harm to political environment, I could imagine if this was used in protest, this would have a different interpretation) ",1710434588
2024-03-14,JK,AIAAIC1372,Government/public sector,Societal & cultural,Public service delivery deterioration,Potential,Assumed that this is leading to slower government operations?,1710434588
2024-03-14,JK,AIAAIC1372,Vulnerable groups,Emotional & psychological,Dehumanisation/objectification,Actual,,1710434588
2024-03-14,JK,AIAAIC1372,Vulnerable groups,Emotional & psychological,Anxiety/distress/depression,Actual,,1710434588
2024-03-14,JK,AIAAIC1372,Vulnerable groups,Emotional & psychological,Intimidation,Actual,,1710434588
2024-03-14,JK,AIAAIC1372,Vulnerable groups,Human rights & civil liberties,Discrimination,Actual,,1710434588
2024-03-14,JK,AIAAIC1372,Vulnerable groups,Human rights & civil liberties,Benefits/entitlements loss,Actual,,1710434588
2024-03-14,JK,AIAAIC1372,General public,Political & economic,Political instability,Potential,,1710434588
2024-03-14,JH,AIAAIC1372,Vulnerable groups,Emotional & psychological,Intimidation,Actual,,1710434645
2024-03-14,JH,AIAAIC1372,Vulnerable groups,Reputational,Defamation/libel/slander,Actual,,1710434645
2024-03-14,PG,AIAAIC1372,General public,Political & economic,Political manipulation,Potential,,1710434843
2024-03-15,JH,AIAAIC1381,General public,Financial & business,Financial/earnings loss,Potential,,1710520922
2024-03-15,JH,AIAAIC1381,Users,Financial & business,Financial/earnings loss,Potential,,1710520922
2024-03-15,JH,AIAAIC1375,General public,Political & economic,Political manipulation,Actual,,1710521184
2024-03-15,JH,AIAAIC1375,Users,Reputational,Defamation/libel/slander,Actual,,1710521184
2024-03-15,JH,AIAAIC1375,Artists/content creators,Reputational,Defamation/libel/slander,Actual,,1710521184
2024-03-15,JH,AIAAIC1372,General public,Societal & cultural,Stereotyping,Potential,,1710521437
2024-03-15,JH,AIAAIC1372,General public,Societal & cultural,Information ecosystem degradation,Potential,,1710521437
2024-03-15,JH,AIAAIC1372,Vulnerable groups,Reputational,Defamation/libel/slander,Actual,,1710521437
2024-03-15,JH,AIAAIC1365,Government/public sector,Societal & cultural,Public service delivery deterioration,Actual,,1710521601
2024-03-15,JH,AIAAIC1354,Workers,Autonomy,Autonomy/agency loss,Actual,,1710521742
2024-03-15,JH,AIAAIC1349,Users,Emotional & psychological,Sexualisation,Actual,,1710523561
2024-03-15,JH,AIAAIC1349,Users,Autonomy,Autonomy/agency loss,Potential,,1710523561
2024-03-15,JH,AIAAIC1238,Users,Reputational,Defamation/libel/slander,Potential,,1710523721
2024-03-15,JH,AIAAIC1238,Users,Emotional & psychological,Sexualisation,Actual,,1710523721
2024-03-15,JH,AIAAIC1232,Government/public sector,Reputational,Loss of confidence/trust,Potential,,1710524080
2024-03-15,JH,AIAAIC1232,Government/public sector,Human rights & civil liberties,Loss of human rights and freedoms,Actual,,1710524080
2024-03-15,JH,AIAAIC1232,Government/public sector,Societal & cultural,Violence/armed conflict,Actual,,1710524080
2024-03-15,JH,AIAAIC1232,Vulnerable groups,Physical,Loss of life,Actual,,1710524080
2024-03-15,JH,AIAAIC1232,Vulnerable groups,Physical,Bodily injury,Actual,,1710524080
2024-03-15,JH,AIAAIC1232,Vulnerable groups,Physical,Property damage,Actual,,1710524080
2024-03-15,JH,AIAAIC1232,Vulnerable groups,Human rights & civil liberties,Loss of human rights and freedoms,Actual,,1710524080
2024-03-15,JH,AIAAIC1232,Vulnerable groups,Societal & cultural,Violence/armed conflict,Actual,,1710524080
2024-03-15,JH,AIAAIC1193,General public,Societal & cultural,Damage to public health,Actual,,1710524307
2024-03-15,JH,AIAAIC1193,General public,Societal & cultural,Information ecosystem degradation,Actual,,1710524307
2024-03-15,JH,AIAAIC1193,General public,Societal & cultural,Public service delivery deterioration,Actual,,1710524307
2024-03-15,JH,AIAAIC1193,General public,Emotional & psychological,Dehumanisation/objectification,Potential,,1710524307
2024-03-15,JH,AIAAIC1193,Government/public sector,Reputational,Loss of confidence/trust,Potential,,1710524307
2024-03-15,JH,AIAAIC0554,General public,Emotional & psychological,Self-harm,Actual,,1710524701
2024-03-15,JH,AIAAIC0554,General public,Emotional & psychological,Anxiety/distress/depression,Actual,,1710524701
2024-03-15,JH,AIAAIC0554,General public,Reputational,Defamation/libel/slander,Actual,,1710524701
2024-03-15,JH,AIAAIC0554,Vulnerable groups,Reputational,Defamation/libel/slander,Actual,,1710524701
2024-03-15,JH,AIAAIC0554,Vulnerable groups,Financial & business,Financial/earnings loss,Actual,,1710524701
2024-03-15,JH,AIAAIC0554,Government/public sector,Reputational,Loss of confidence/trust,Actual,,1710524701
2024-03-15,JH,AIAAIC0554,Government/public sector,Societal & cultural,Damage to public health,Potential,,1710524701
2024-03-16,DB,AIAAIC1381,Users,Autonomy,Autonomy/agency loss,Actual,,1710627578
2024-03-16,DB,AIAAIC1381,Users,Human rights & civil liberties,Privacy loss,Actual,,1710627578
2024-03-16,DB,AIAAIC1381,Vulnerable groups,Autonomy,Autonomy/agency loss,Actual,,1710627578
2024-03-16,DB,AIAAIC1381,Vulnerable groups,Human rights & civil liberties,Privacy loss,Actual,,1710627578
2024-03-17,CP,AIAAIC1381,Users,Human rights & civil liberties,Privacy loss,Actual,,1710687703
2024-03-17,CP,AIAAIC1381,Vulnerable groups,Human rights & civil liberties,Privacy loss,Actual,,1710687703
2024-03-17,CP,AIAAIC1375,Artists/content creators,Autonomy,Impersonation/identity theft,Actual,Possibly some overlap between ID theft and personality loss,1710697814
2024-03-17,CP,AIAAIC1375,Artists/content creators,Autonomy,Personality loss,Actual,Possibly some overlap between ID theft and personality loss,1710697814
2024-03-17,CP,AIAAIC1375,General public,Political & economic,Political manipulation,Actual,,1710697814
2024-03-17,CP,AIAAIC1372,Government/public sector,Societal & cultural,Societal destabilisation,Actual,'Political disruption' would be a more appropriate specific harm?  ,1710698360
2024-03-17,CP,AIAAIC1372,General public,Emotional & psychological,Anxiety/distress/depression,Actual,,1710698360
2024-03-17,CP,AIAAIC1372,Vulnerable groups,Emotional & psychological,Anxiety/distress/depression,Actual,,1710698360
2024-03-17,CP,AIAAIC1365,General public,Societal & cultural,Public service delivery deterioration,Actual,,1710698429
2024-03-17,CP,AIAAIC1354,Users,Human rights & civil liberties,Privacy loss,Actual,,1710698501
2024-03-17,CP,AIAAIC1349,Users,Physical,Bodily injury,Actual,,1710698990
2024-03-17,CP,AIAAIC1349,Users,Emotional & psychological,Anxiety/distress/depression,Actual,,1710698990
2024-03-17,CP,AIAAIC1349,Users,Emotional & psychological,Addiction,Actual,,1710698990
2024-03-17,CP,AIAAIC1238,Users,Emotional & psychological,Sexualisation,Actual,Is Sexualisation a harm or a risk? ,1710699195
2024-03-17,CP,AIAAIC1232,General public,Physical,Loss of life,Actual,,1710699338
2024-03-17,CP,AIAAIC1232,General public,Physical,Bodily injury,Actual,,1710699338
2024-03-17,CP,AIAAIC1232,Vulnerable groups,Physical,Loss of life,Actual,,1710699338
2024-03-17,CP,AIAAIC1232,Vulnerable groups,Physical,Bodily injury,Actual,,1710699338
2024-03-17,CP,AIAAIC1193,Users,Financial & business,Confidentiality loss,Potential,,1710699498
2024-03-17,CP,AIAAIC1193,Users,Human rights & civil liberties,Privacy loss,Potential,,1710699498
2024-03-17,CP,AIAAIC1193,Users,Financial & business,Confidentiality loss,Potential,,1710699501
2024-03-17,CP,AIAAIC1193,Users,Human rights & civil liberties,Privacy loss,Potential,,1710699501
2024-03-17,CP,AIAAIC0554,Users,Financial & business,Financial/earnings loss,Actual,,1710699987
2024-03-17,CP,AIAAIC0554,Users,Emotional & psychological,Anxiety/distress/depression,Actual,,1710699987
2024-03-17,CP,AIAAIC0554,Users,Emotional & psychological,Dignity loss,Actual,,1710699987
2024-03-17,CP,AIAAIC0554,Users,Physical,Loss of life,Actual,,1710699987
2024-03-17,CP,AIAAIC0554,Vulnerable groups,Autonomy,Autonomy/agency loss,Actual,,1710699987
2024-03-17,CP,AIAAIC0554,General public,Political & economic,Political instability,Actual,,1710699987
2024-03-18,LW,AIAAIC1381,Users,Autonomy,Personality loss,Actual,"for me it is not 100% clear if this case would be Autonomy/Personality loss or Human rights &  civil liberties/ privacy loss
--> from the naming/category I would tend to privacy loss but from the description more to personality loss ",1710770990
2024-03-18,LW,AIAAIC1381,Users,Human rights & civil liberties,Privacy loss,Actual,,1710770990
2024-03-18,LW,AIAAIC1381,Vulnerable groups,Autonomy,Personality loss,Actual,,1710770990
2024-03-18,LW,AIAAIC1381,Vulnerable groups,Human rights & civil liberties,Privacy loss,Actual,"same as above: for me it is not clear if this case would be Autonomy/Personality loss or Human rights &  civil liberties/ privacy loss
--> from the naming I would tend to privacy loss but from the description more to personality loss ",1710770990
2024-03-18,LW,AIAAIC1375,Users,Autonomy,Impersonation/identity theft,Actual,"for me counterintuitive to call the woman from the case ""user"" as an affected group since she is not actually using the system herself

just a note: if I know wanted to label two specific harms from one category as potential and actual it is not possible in the current setup?  (don't know how pressing this is , though) ",1710771541
2024-03-18,LW,AIAAIC1375,Users,Autonomy,Personality loss,Actual,"for me counterintuitive to call the woman from the case ""user"" as an affected group since she is not actually using the system herself

just a note: if I know wanted to label two specific harms from one category as potential and actual it is not possible in the current setup?  (don't know how pressing this is , though) ",1710771541
2024-03-18,LW,AIAAIC1375,Users,Reputational,Loss of confidence/trust,Potential,,1710771541
2024-03-18,LW,AIAAIC1375,Users,Reputational,Defamation/libel/slander,Potential,,1710771541
2024-03-18,LW,AIAAIC1372,General public,Emotional & psychological,Anxiety/distress/depression,Actual,,1710772321
2024-03-18,LW,AIAAIC1372,General public,Political & economic,Institutional trust loss,Potential,,1710772321
2024-03-18,LW,AIAAIC1372,Vulnerable groups,Emotional & psychological,Anxiety/distress/depression,Actual,,1710772321
2024-03-18,LW,AIAAIC1372,Vulnerable groups,Emotional & psychological,Intimidation,Actual,,1710772321
2024-03-18,LW,AIAAIC1372,Vulnerable groups,Human rights & civil liberties,Discrimination,Actual,different naming in taxonomy definition and here: Violation of human rights and freedoms vs loss of human rights & freedom,1710772321
2024-03-18,LW,AIAAIC1372,Vulnerable groups,Human rights & civil liberties,Loss of human rights and freedoms,Actual,different naming in taxonomy definition and here: Violation of human rights and freedoms vs loss of human rights & freedom,1710772321
2024-03-18,LW,AIAAIC1372,Government/public sector,Reputational,Loss of confidence/trust,Potential,,1710772321
2024-03-18,LW,AIAAIC1365,Users,Autonomy,Autonomy/agency loss,Actual,,1710773269
2024-03-18,LW,AIAAIC1365,Users,Emotional & psychological,Over-reliance,Actual,,1710773269
2024-03-18,LW,AIAAIC1365,General public,Societal & cultural,Public service delivery deterioration,Actual,,1710773269
2024-03-18,LW,AIAAIC1365,Government/public sector,Emotional & psychological,Over-reliance,Actual,,1710773269
2024-03-18,LW,AIAAIC1354,Users,Human rights & civil liberties,Loss of human rights and freedoms,Actual,unclear whether privacy loss also applies? ,1710773605
2024-03-18,LW,AIAAIC1349,Vulnerable groups,Physical,Bodily injury,Actual,"annotation question: should I annotate the same harms I select for vulnerable group for users? for me vulnerable group is a subset of the users, so same would apply but not sure all annotators would do that? 
",1710773971
2024-03-18,LW,AIAAIC1349,Vulnerable groups,Physical,Personal health deterioration,Actual,"annotation question: should I annotate the same harms I select for vulnerable group for users? for me vulnerable group is a subset of the users, so same would apply but not sure all annotators would do that? 
",1710773971
2024-03-18,LW,AIAAIC1349,Vulnerable groups,Emotional & psychological,Anxiety/distress/depression,Actual,,1710773971
2024-03-18,LW,AIAAIC1238,Users,Emotional & psychological,Sexualisation,Actual,,1710774131
2024-03-18,LW,AIAAIC1232,Vulnerable groups,Physical,Bodily injury,Actual,,1710774533
2024-03-18,LW,AIAAIC1232,Vulnerable groups,Physical,Loss of life,Actual,,1710774533
2024-03-18,LW,AIAAIC1232,Vulnerable groups,Physical,Property damage,Actual,,1710774533
2024-03-18,LW,AIAAIC1232,Vulnerable groups,Societal & cultural,Violence/armed conflict,Actual,,1710774533
2024-03-18,LW,AIAAIC1232,Users,Physical,Bodily injury,Actual,,1710774533
2024-03-18,LW,AIAAIC1232,Users,Physical,Loss of life,Actual,,1710774533
2024-03-18,LW,AIAAIC1232,Users,Physical,Property damage,Actual,,1710774533
2024-03-18,LW,AIAAIC1232,Users,Societal & cultural,Violence/armed conflict,Actual,,1710774533
2024-03-18,LW,AIAAIC1193,Vulnerable groups,Human rights & civil liberties,Loss of human rights and freedoms,Actual,unsure whether privacy loss from the description is applicable here? ,1710774618
2024-03-18,LW,AIAAIC1193,Vulnerable groups,Human rights & civil liberties,Privacy loss,Actual,unsure whether privacy loss from the description is applicable here? ,1710774618
2024-03-18,LW,AIAAIC0554,Users,Physical,Bodily injury,Actual,,1710775032
2024-03-18,LW,AIAAIC0554,Users,Physical,Loss of life,Actual,,1710775032
2024-03-18,LW,AIAAIC0554,Users,Physical,Personal health deterioration,Actual,,1710775032
2024-03-18,LW,AIAAIC0554,Users,Emotional & psychological,Anxiety/distress/depression,Actual,,1710775032
2024-03-18,LW,AIAAIC0554,Users,Emotional & psychological,Self-harm,Actual,,1710775032
2024-03-18,LW,AIAAIC0554,Users,Emotional & psychological,Dignity loss,Actual,,1710775032
2024-03-18,LW,AIAAIC0554,Users,Human rights & civil liberties,Benefits/entitlements loss,Actual,,1710775032
2024-03-18,LW,AIAAIC0554,Users,Human rights & civil liberties,Discrimination,Actual,,1710775032
2024-03-18,LW,AIAAIC0554,Users,Human rights & civil liberties,Loss of human rights and freedoms,Actual,,1710775032
2024-03-18,LW,AIAAIC0554,General public,Political & economic,Institutional trust loss,Actual,,1710775032
2024-03-18,LW,AIAAIC0554,General public,Political & economic,Political instability,Actual,,1710775032
2024-03-18,LW,AIAAIC0554,Vulnerable groups,Physical,Bodily injury,Actual,,1710775032
2024-03-18,LW,AIAAIC0554,Vulnerable groups,Physical,Loss of life,Actual,,1710775032
2024-03-18,LW,AIAAIC0554,Vulnerable groups,Physical,Personal health deterioration,Actual,,1710775032
2024-03-18,LW,AIAAIC0554,Vulnerable groups,Emotional & psychological,Anxiety/distress/depression,Actual,,1710775032
2024-03-18,LW,AIAAIC0554,Vulnerable groups,Emotional & psychological,Dignity loss,Actual,,1710775032
2024-03-18,LW,AIAAIC0554,Vulnerable groups,Emotional & psychological,Self-harm,Actual,,1710775032
2024-03-18,LW,AIAAIC0554,Vulnerable groups,Reputational,Loss of confidence/trust,Actual,,1710775032
2024-03-18,LW,AIAAIC0554,Vulnerable groups,Human rights & civil liberties,Benefits/entitlements loss,Actual,,1710775032
2024-03-18,LW,AIAAIC0554,Vulnerable groups,Human rights & civil liberties,Loss of human rights and freedoms,Actual,,1710775032
2024-03-18,LW,AIAAIC0554,Vulnerable groups,Human rights & civil liberties,Discrimination,Actual,,1710775032
2024-03-19,GA,AIAAIC1381,Users,Human rights & civil liberties,Privacy loss,Actual,,1710836797
2024-03-19,GA,AIAAIC1381,Vulnerable groups,Human rights & civil liberties,Privacy loss,Actual,,1710836797
2024-03-19,GA,AIAAIC1375,Artists/content creators,Autonomy,Impersonation/identity theft,Actual,,1710837189
2024-03-19,GA,AIAAIC1375,General public,Political & economic,Political manipulation,Actual,"Not sure about this one. ""promotes Russia-China relations"" sounds political, but the examples given are more business oriented",1710837189
2024-03-19,GA,AIAAIC1372,Government/public sector,Emotional & psychological,Anxiety/distress/depression,Actual,,1710838050
2024-03-19,GA,AIAAIC1372,General public,Emotional & psychological,Anxiety/distress/depression,Actual,,1710838050
2024-03-19,GA,AIAAIC1372,Vulnerable groups,Emotional & psychological,Anxiety/distress/depression,Actual,,1710838050
2024-03-19,GA,AIAAIC1365,Government/public sector,Financial & business,Loss of productivity,Actual,I think it would make more sense to consider actual/potential *after* the harm type,1710838182
2024-03-19,GA,AIAAIC1354,Users,Human rights & civil liberties,Privacy loss,Actual,,1710838258
2024-03-19,GA,AIAAIC1349,Users,Physical,Bodily injury,Actual,,1710838494
2024-03-19,GA,AIAAIC1349,Vulnerable groups,Physical,Bodily injury,Actual,"The role of ""vulnerable people"" is still strange to me because people in this category are always also ""users"" or ""general public"". should we enter them twice or does vulnerable supercede the more general category?",1710838494
2024-03-19,GA,AIAAIC1238,Users,Emotional & psychological,Dehumanisation/objectification,Actual,Not sure where journalists fit as stakeholders here,1710839155
2024-03-19,GA,AIAAIC1232,Users,Physical,Loss of life,Actual,,1710839273
2024-03-19,GA,AIAAIC1193,General public,Human rights & civil liberties,Privacy loss,Actual,,1710839381
2024-03-19,GA,AIAAIC0554,Users,Emotional & psychological,Anxiety/distress/depression,Actual,,1710839730
2024-03-19,GA,AIAAIC0554,Users,Physical,Loss of life,Actual,,1710839730
2024-03-19,GA,AIAAIC0554,Users,Financial & business,Financial/earnings loss,Actual,,1710839730
2024-03-19,GA,AIAAIC0554,Users,Human rights & civil liberties,Benefits/entitlements loss,Actual,,1710839730
2024-03-19,GA,AIAAIC0554,Users,Human rights & civil liberties,Discrimination,Actual,,1710839730
2024-03-19,GA,AIAAIC0554,Vulnerable groups,Physical,Loss of life,Actual,,1710839730
2024-03-19,GA,AIAAIC0554,Vulnerable groups,Emotional & psychological,Anxiety/distress/depression,Actual,,1710839730
2024-03-19,GA,AIAAIC0554,Vulnerable groups,Financial & business,Financial/earnings loss,Actual,,1710839730
2024-03-19,GA,AIAAIC0554,Vulnerable groups,Human rights & civil liberties,Benefits/entitlements loss,Actual,,1710839730
2024-03-19,GA,AIAAIC0554,Vulnerable groups,Human rights & civil liberties,Discrimination,Actual,,1710839730
2024-03-19,EP,AIAAIC1349,Users,Physical,Bodily injury,Actual,,1710856037
2024-03-19,EP,AIAAIC1349,Users,Emotional & psychological,Anxiety/distress/depression,Actual,,1710856037
2024-03-19,EP,AIAAIC1349,Users,Emotional & psychological,Alienation/isolation,Actual,,1710856037
2024-03-19,EP,AIAAIC1349,Users,Emotional & psychological,Dignity loss,Actual,,1710856037
2024-03-19,EP,AIAAIC1349,Users,Emotional & psychological,Dehumanisation/objectification,Actual,,1710856037
2024-03-19,EP,AIAAIC1349,Users,Reputational,Defamation/libel/slander,Actual,,1710856037
2024-03-19,EP,AIAAIC1349,Users,Reputational,Loss of confidence/trust,Actual,,1710856037
2024-03-19,EP,AIAAIC1349,Users,Human rights & civil liberties,Loss of human rights and freedoms,Actual,,1710856037
2024-03-19,EP,AIAAIC1349,Users,Human rights & civil liberties,Privacy loss,Actual,,1710856037
2024-03-19,EP,AIAAIC1349,Business,Reputational,Loss of confidence/trust,Actual,,1710856037
2024-03-19,EP,AIAAIC1349,Business,Financial & business,Financial/earnings loss,Actual,,1710856037
2024-03-19,EP,AIAAIC1349,Business,Financial & business,Loss of productivity,Actual,,1710856037
2024-03-19,EP,AIAAIC1349,Business,Financial & business,Opportunity loss,Actual,,1710856037
2024-03-19,EP,AIAAIC1349,Business,Human rights & civil liberties,Privacy loss,Potential,,1710856037
2024-03-19,EP,AIAAIC1349,Vulnerable groups,Autonomy,Autonomy/agency loss,Actual,,1710856037
2024-03-19,EP,AIAAIC1349,Vulnerable groups,Physical,Bodily injury,Actual,,1710856037
2024-03-19,EP,AIAAIC1349,Vulnerable groups,Emotional & psychological,Alienation/isolation,Actual,,1710856037
2024-03-19,EP,AIAAIC1349,Vulnerable groups,Emotional & psychological,Anxiety/distress/depression,Actual,,1710856037
2024-03-19,EP,AIAAIC1349,Vulnerable groups,Emotional & psychological,Dehumanisation/objectification,Actual,,1710856037
2024-03-19,EP,AIAAIC1349,Vulnerable groups,Emotional & psychological,Dignity loss,Actual,,1710856037
2024-03-19,EP,AIAAIC1349,Vulnerable groups,Human rights & civil liberties,Loss of human rights and freedoms,Actual,,1710856037
2024-03-19,EP,AIAAIC1349,Vulnerable groups,Human rights & civil liberties,Privacy loss,Actual,,1710856037
2024-03-19,EP,AIAAIC1349,Vulnerable groups,Societal & cultural,Societal inequality,Actual,,1710856037
2024-03-19,EP,AIAAIC1349,Vulnerable groups,Societal & cultural,Violence/armed conflict,Actual,,1710856037
2024-03-19,EP,AIAAIC1349,Vulnerable groups,Societal & cultural,Stereotyping,Actual,,1710856037
2024-03-19,EP,AIAAIC1349,Government/public sector,Reputational,Loss of confidence/trust,Potential,,1710856037
2024-03-19,EP,AIAAIC1349,Government/public sector,Human rights & civil liberties,Loss of human rights and freedoms,Potential,,1710856037
2024-03-19,EP,AIAAIC1349,Government/public sector,Human rights & civil liberties,Discrimination,Potential,,1710856037
2024-03-19,EP,AIAAIC1349,Government/public sector,Human rights & civil liberties,Privacy loss,Potential,,1710856037
2024-03-19,EP,AIAAIC1349,Government/public sector,Societal & cultural,Societal destabilisation,Potential,,1710856037
2024-03-19,EP,AIAAIC1349,Government/public sector,Societal & cultural,Public service delivery deterioration,Potential,,1710856037
2024-03-19,EP,AIAAIC1349,Government/public sector,Political & economic,Institutional trust loss,Potential,,1710856037
2024-03-19,EP,AIAAIC1349,Government/public sector,Political & economic,Political instability,Potential,,1710856037
2024-03-19,EP,AIAAIC1238,Users,Autonomy,Autonomy/agency loss,Actual,,1710856627
2024-03-19,EP,AIAAIC1238,Users,Emotional & psychological,Anxiety/distress/depression,Potential,,1710856627
2024-03-19,EP,AIAAIC1238,Users,Emotional & psychological,Dehumanisation/objectification,Potential,,1710856627
2024-03-19,EP,AIAAIC1238,Users,Emotional & psychological,Dignity loss,Potential,,1710856627
2024-03-19,EP,AIAAIC1238,Users,Emotional & psychological,Sexualisation,Potential,,1710856627
2024-03-19,EP,AIAAIC1238,Users,Reputational,Loss of confidence/trust,Potential,,1710856627
2024-03-19,EP,AIAAIC1238,Vulnerable groups,Emotional & psychological,Anxiety/distress/depression,Potential,,1710856627
2024-03-19,EP,AIAAIC1238,Vulnerable groups,Emotional & psychological,Dehumanisation/objectification,Potential,,1710856627
2024-03-19,EP,AIAAIC1238,Vulnerable groups,Emotional & psychological,Dignity loss,Potential,,1710856627
2024-03-19,EP,AIAAIC1238,Vulnerable groups,Emotional & psychological,Sexualisation,Potential,,1710856627
2024-03-19,EP,AIAAIC1238,Business,Financial & business,Financial/earnings loss,Potential,,1710856627
2024-03-19,EP,AIAAIC1238,Business,Financial & business,Loss of productivity,Potential,,1710856627
2024-03-19,EP,AIAAIC1232,Users,Physical,Loss of life,Actual,,1710857118
2024-03-19,EP,AIAAIC1232,Government/public sector,Human rights & civil liberties,Loss of human rights and freedoms,Potential,,1710857118
2024-03-19,EP,AIAAIC1232,Vulnerable groups,Human rights & civil liberties,Loss of human rights and freedoms,Actual,,1710857118
2024-03-19,EP,AIAAIC1232,Vulnerable groups,Human rights & civil liberties,Privacy loss,Actual,,1710857118
2024-03-19,EP,AIAAIC1232,General public,Emotional & psychological,Anxiety/distress/depression,Actual,,1710857118
2024-03-19,EP,AIAAIC1232,General public,Emotional & psychological,Dehumanisation/objectification,Actual,,1710857118
2024-03-19,EP,AIAAIC1232,General public,Emotional & psychological,Dignity loss,Actual,,1710857118
2024-03-19,EP,AIAAIC1232,Investors,Financial & business,Financial/earnings loss,Potential,,1710857118
2024-03-19,EP,AIAAIC1232,Investors,Financial & business,Opportunity loss,Potential,,1710857118
2024-03-19,EP,AIAAIC1193,Users,Autonomy,Autonomy/agency loss,Potential,,1710857869
2024-03-19,EP,AIAAIC1193,Users,Human rights & civil liberties,Privacy loss,Potential,,1710857869
2024-03-19,EP,AIAAIC1193,Users,Emotional & psychological,Anxiety/distress/depression,Potential,,1710857869
2024-03-19,EP,AIAAIC1193,Users,Emotional & psychological,Dignity loss,Potential,,1710857869
2024-03-19,EP,AIAAIC1193,Workers,Human rights & civil liberties,Privacy loss,Potential,,1710857869
2024-03-19,EP,AIAAIC1193,Government/public sector,Human rights & civil liberties,Privacy loss,Actual,,1710857869
2024-03-19,EP,AIAAIC1193,Business,Financial & business,Financial/earnings loss,Potential,,1710857869
2024-03-19,EP,AIAAIC1193,Business,Reputational,Defamation/libel/slander,Potential,,1710857869
2024-03-19,EP,AIAAIC1193,General public,Emotional & psychological,Anxiety/distress/depression,Actual,,1710857869
2024-03-19,EP,AIAAIC1193,General public,Financial & business,Financial/earnings loss,Potential,,1710857869
2024-03-19,EP,AIAAIC0554,Users,Emotional & psychological,Anxiety/distress/depression,Actual,,1710858809
2024-03-19,EP,AIAAIC0554,Users,Emotional & psychological,Coercion/manipulation,Actual,,1710858809
2024-03-19,EP,AIAAIC0554,Users,Emotional & psychological,Dignity loss,Actual,,1710858809
2024-03-19,EP,AIAAIC0554,Users,Emotional & psychological,Intimidation,Actual,,1710858809
2024-03-19,EP,AIAAIC0554,Users,Emotional & psychological,Over-reliance,Actual,,1710858809
2024-03-19,EP,AIAAIC0554,Users,Emotional & psychological,Self-harm,Actual,,1710858809
2024-03-19,EP,AIAAIC0554,Users,Financial & business,Financial/earnings loss,Potential,,1710858809
2024-03-19,EP,AIAAIC0554,Users,Financial & business,Livelihood loss,Potential,,1710858809
2024-03-19,EP,AIAAIC0554,Users,Human rights & civil liberties,Privacy loss,Actual,,1710858809
2024-03-19,EP,AIAAIC0554,Vulnerable groups,Autonomy,Autonomy/agency loss,Actual,,1710858809
2024-03-19,EP,AIAAIC0554,Vulnerable groups,Emotional & psychological,Anxiety/distress/depression,Actual,,1710858809
2024-03-19,EP,AIAAIC0554,Vulnerable groups,Emotional & psychological,Alienation/isolation,Actual,,1710858809
2024-03-19,EP,AIAAIC0554,Vulnerable groups,Emotional & psychological,Dignity loss,Actual,,1710858809
2024-03-19,EP,AIAAIC0554,Vulnerable groups,Emotional & psychological,Intimidation,Actual,,1710858809
2024-03-19,EP,AIAAIC0554,Vulnerable groups,Financial & business,Financial/earnings loss,Actual,,1710858809
2024-03-19,EP,AIAAIC0554,Vulnerable groups,Financial & business,Livelihood loss,Actual,,1710858809
2024-03-19,EP,AIAAIC0554,Vulnerable groups,Human rights & civil liberties,Benefits/entitlements loss,Actual,,1710858809
2024-03-19,EP,AIAAIC0554,Vulnerable groups,Human rights & civil liberties,Discrimination,Actual,,1710858809
2024-03-19,EP,AIAAIC0554,Vulnerable groups,Human rights & civil liberties,Privacy loss,Actual,,1710858809
2024-03-19,EP,AIAAIC0554,Government/public sector,Reputational,Defamation/libel/slander,Actual,,1710858809
2024-03-19,EP,AIAAIC0554,Government/public sector,Reputational,Loss of confidence/trust,Actual,,1710858809
2024-03-19,EP,AIAAIC0554,Government/public sector,Financial & business,Confidentiality loss,Potential,,1710858809
2024-03-19,EP,AIAAIC0554,Government/public sector,Financial & business,Financial/earnings loss,Potential,,1710858809
2024-03-19,EP,AIAAIC0554,Government/public sector,Financial & business,Loss of productivity,Potential,,1710858809
2024-03-19,EP,AIAAIC0554,Government/public sector,Human rights & civil liberties,Loss of human rights and freedoms,Potential,,1710858809
2024-03-19,EP,AIAAIC0554,Government/public sector,Human rights & civil liberties,Discrimination,Potential,,1710858809
2024-03-19,EP,AIAAIC0554,Government/public sector,Human rights & civil liberties,Privacy loss,Potential,,1710858809
2024-03-19,EP,AIAAIC0554,Government/public sector,Societal & cultural,Public service delivery deterioration,Potential,,1710858809
2024-03-19,EP,AIAAIC0554,Government/public sector,Societal & cultural,Societal destabilisation,Potential,,1710858809
2024-03-19,EP,AIAAIC0554,Government/public sector,Political & economic,Economic instability,Potential,,1710858809
2024-03-19,EP,AIAAIC0554,Government/public sector,Political & economic,Electoral interference,Potential,,1710858809
2024-03-19,EP,AIAAIC0554,Government/public sector,Political & economic,Political manipulation,Potential,,1710858809
2024-03-19,EP,AIAAIC1354,Users,Human rights & civil liberties,Discrimination,Potential,,1710859062
2024-03-19,EP,AIAAIC1354,Users,Human rights & civil liberties,Privacy loss,Potential,,1710859062
2024-03-19,EP,AIAAIC1354,Users,Emotional & psychological,Anxiety/distress/depression,Potential,,1710859062
2024-03-19,EP,AIAAIC1354,Workers,Emotional & psychological,Anxiety/distress/depression,Actual,,1710859062
2024-03-19,EP,AIAAIC1354,Workers,Emotional & psychological,Dignity loss,Actual,,1710859062
2024-03-19,EP,AIAAIC1354,Workers,Financial & business,Financial/earnings loss,Potential,,1710859062
2024-03-19,EP,AIAAIC1354,Workers,Financial & business,Livelihood loss,Potential,,1710859062
2024-03-19,EP,AIAAIC1365,Users,Autonomy,Autonomy/agency loss,Actual,,1710859540
2024-03-19,EP,AIAAIC1365,Workers,Autonomy,Autonomy/agency loss,Potential,,1710859540
2024-03-19,EP,AIAAIC1365,Workers,Emotional & psychological,Anxiety/distress/depression,Potential,,1710859540
2024-03-19,EP,AIAAIC1365,Workers,Emotional & psychological,Alienation/isolation,Potential,,1710859540
2024-03-19,EP,AIAAIC1381,Users,Autonomy,IP/copyright loss,Actual,,1710859887
2024-03-19,EP,AIAAIC1381,Users,Human rights & civil liberties,Loss of human rights and freedoms,Actual,,1710859887
2024-03-19,EP,AIAAIC1381,Vulnerable groups,Autonomy,IP/copyright loss,Actual,,1710859887
2024-03-19,EP,AIAAIC1381,Vulnerable groups,Human rights & civil liberties,Loss of human rights and freedoms,Actual,,1710859887
2024-03-19,EP,AIAAIC1372,Users,Emotional & psychological,Anxiety/distress/depression,Actual,,1710861333
2024-03-19,EP,AIAAIC1372,Users,Emotional & psychological,Intimidation,Actual,,1710861333
2024-03-19,EP,AIAAIC1372,Government/public sector,Reputational,Defamation/libel/slander,Actual,,1710861333
2024-03-19,EP,AIAAIC1372,Government/public sector,Reputational,Loss of confidence/trust,Actual,,1710861333
2024-03-19,EP,AIAAIC1372,Government/public sector,Political & economic,Institutional trust loss,Actual,,1710861333
2024-03-19,EP,AIAAIC1372,Government/public sector,Political & economic,Political instability,Actual,,1710861333
2024-03-19,EP,AIAAIC1375,General public,Autonomy,Impersonation/identity theft,Actual,,1710861650
2024-03-19,EP,AIAAIC1375,General public,Human rights & civil liberties,Privacy loss,Actual,,1710861650
2024-03-19,EP,AIAAIC1375,General public,Human rights & civil liberties,Loss of human rights and freedoms,Actual,,1710861650
2024-03-19,EP,AIAAIC1375,Government/public sector,Reputational,Loss of confidence/trust,Actual,,1710861650
2024-03-19,EP,AIAAIC1375,Government/public sector,Political & economic,Institutional trust loss,Actual,,1710861650
2024-03-19,PG,AIAAIC1381,Vulnerable groups,Autonomy,Autonomy/agency loss,Potential,,1710862757
2024-03-19,PG,AIAAIC1375,General public,Autonomy,Impersonation/identity theft,Actual,,1710862922
2024-03-19,PG,AIAAIC1372,General public,Political & economic,Political manipulation,Actual,,1710863094
2024-03-19,PG,AIAAIC1365,Workers,Societal & cultural,Public service delivery deterioration,Actual,,1710863214
2024-03-19,PG,AIAAIC1354,Users,Autonomy,Autonomy/agency loss,Actual,,1710863329
2024-03-19,MS,AIAAIC1381,Users,Autonomy,Autonomy/agency loss,Potential,,1710863753
2024-03-19,MS,AIAAIC1381,Users,Human rights & civil liberties,Privacy loss,Potential,,1710863753
2024-03-19,MS,AIAAIC1381,Vulnerable groups,Autonomy,Autonomy/agency loss,Potential,,1710863753
2024-03-19,PG,AIAAIC1381,Vulnerable groups,Autonomy,Autonomy/agency loss,Potential,,1710864846
2024-03-19,PG,AIAAIC1375,Government/public sector,Political & economic,Political manipulation,Actual,,1710864919
2024-03-19,PG,AIAAIC1375,General public,Autonomy,Impersonation/identity theft,Actual,,1710865002
2024-03-19,PG,AIAAIC1372,Government/public sector,Political & economic,Political manipulation,Actual,,1710865059
2024-03-19,PG,AIAAIC1365,Workers,Societal & cultural,Public service delivery deterioration,Actual,,1710865136
2024-03-19,PG,AIAAIC1354,Workers,Autonomy,Impersonation/identity theft,Potential,,1710865229
2024-03-19,PG,AIAAIC1349,Vulnerable groups,Physical,Personal health deterioration,Actual,,1710865404
2024-03-19,PG,AIAAIC1349,Vulnerable groups,Emotional & psychological,Sexualisation,Actual,,1710865404
2024-03-19,PG,AIAAIC1238,Users,Emotional & psychological,Sexualisation,Potential,,1710865508
2024-03-19,PG,AIAAIC1232,General public,Physical,Loss of life,Actual,,1710865616
2024-03-19,PG,AIAAIC1193,Users,Human rights & civil liberties,Privacy loss,Potential,,1710865724
2024-03-19,PG,AIAAIC0554,General public,Societal & cultural,Societal inequality,Actual,,1710865837
2024-03-19,MS,AIAAIC1375,Artists/content creators,Autonomy,Personality loss,Actual,,1710891338
2024-03-19,MS,AIAAIC1375,Artists/content creators,Autonomy,IP/copyright loss,Actual,,1710891338
2024-03-19,MS,AIAAIC1372,Government/public sector,Societal & cultural,Public service delivery deterioration,Actual,,1710892139
2024-03-19,MS,AIAAIC1372,Government/public sector,Societal & cultural,Societal destabilisation,Actual,,1710892139
2024-03-19,MS,AIAAIC1372,General public,Societal & cultural,Societal destabilisation,Potential,,1710892139
2024-03-19,MS,AIAAIC1365,Government/public sector,Societal & cultural,Public service delivery deterioration,Actual,,1710892328
2024-03-19,MS,AIAAIC1365,General public,Societal & cultural,Public service delivery deterioration,Potential,,1710892328
2024-03-19,MS,AIAAIC1365,General public,Societal & cultural,Damage to public health,Potential,,1710892328
2024-03-20,MS,AIAAIC1354,Users,Autonomy,Impersonation/identity theft,Potential,"The articles indicate the potential for impersonation/identity theft that cannot be remediated given the uniqueness and immutability of biometric information, but they don't cite actual examples of such harm",1710893587
2024-03-20,MS,AIAAIC1354,Users,Human rights & civil liberties,Loss of human rights and freedoms,Actual,The articles indicate that the business failed to adopt measures that were proportionate with employee's privacy rights,1710893587
2024-03-20,MS,AIAAIC1349,Vulnerable groups,Physical,Bodily injury,Actual,"While the harm is definitely actual  b/c of in-person sexual assault, it is unclear if this should be attributed directly or indirectly to the AI system. Some of the articles briefly discuss this causation issue but I've listed it nonetheless because I don't think we want annotators to have to think through direct vs. indirect causation.",1710895444
2024-03-20,MS,AIAAIC1349,Users,Physical,Bodily injury,Potential,"Adding this as potential harm for users more broadly because the articles reference the fact that the AI system recommended matches with sexual predators. While the actual story involved a child (and thus the vulnerable persons harm was actual and not potential), the failure to filter for sexual predators also poses a potential harm to all users more broadly.",1710895444
2024-03-20,MS,AIAAIC1238,Users,Human rights & civil liberties,Privacy loss,Potential,The article references the potential for misuse of biometric information gathered during the creation of avatars,1710896388
2024-03-20,MS,AIAAIC1238,General public,Societal & cultural,Societal inequality,Potential,"The articles reference the potential for broader reinforcement of stereotypes about women and Asians, which could then reinforce concepts of the types of roles that are fit for women and Asians (for example, the article references that males were more likely to be shown with white coats indicating either chefs or doctors).",1710896388
2024-03-20,MS,AIAAIC1238,Vulnerable groups,Societal & cultural,Stereotyping,Actual,,1710896388
2024-03-20,MS,AIAAIC1238,Users,Human rights & civil liberties,Privacy loss,Potential,The article references the potential for misuse of biometric information gathered during the creation of avatars,1710896403
2024-03-20,MS,AIAAIC1238,General public,Societal & cultural,Societal inequality,Potential,"The articles reference the potential for broader reinforcement of stereotypes about women and Asians, which could then reinforce concepts of the types of roles that are fit for women and Asians (for example, the article references that males were more likely to be shown with white coats indicating either chefs or doctors).",1710896403
2024-03-20,MS,AIAAIC1238,Vulnerable groups,Societal & cultural,Stereotyping,Actual,,1710896403
2024-03-20,MS,AIAAIC1232,General public,Physical,Loss of life,Actual,,1710896520
2024-03-20,MS,AIAAIC1232,Vulnerable groups,Physical,Loss of life,Actual,,1710896520
2024-03-20,MS,AIAAIC1193,Users,Human rights & civil liberties,Privacy loss,Potential,,1710897051
2024-03-20,MS,AIAAIC0554,Users,Political & economic,Institutional trust loss,Potential,,1710897319
2024-03-20,MS,AIAAIC0554,Users,Human rights & civil liberties,Benefits/entitlements loss,Actual,,1710897319
2024-03-20,MS,AIAAIC0554,Users,Societal & cultural,Stereotyping,Actual,,1710897319
2024-03-20,MS,AIAAIC0554,Users,Societal & cultural,Public service delivery deterioration,Actual,,1710897319
2024-03-20,PN,AIAAIC1381,Users,Human rights & civil liberties,Privacy loss,Potential,,1710935677
2024-03-20,PN,AIAAIC1381,Users,Autonomy,Personality loss,Potential,,1710935677
2024-03-20,PN,AIAAIC1375,Artists/content creators,Reputational,Defamation/libel/slander,Actual,,1710936778
2024-03-20,PN,AIAAIC1375,Artists/content creators,Reputational,Loss of confidence/trust,Actual,,1710936778
2024-03-20,PN,AIAAIC1375,Artists/content creators,Human rights & civil liberties,Privacy loss,Actual,,1710936778
2024-03-20,PN,AIAAIC1375,Artists/content creators,Emotional & psychological,Dignity loss,Actual,,1710936778
2024-03-20,PN,AIAAIC1375,Artists/content creators,Emotional & psychological,Dehumanisation/objectification,Actual,,1710936778
2024-03-20,PN,AIAAIC1375,Artists/content creators,Financial & business,Opportunity loss,Potential,"I mean... for influencer, reputational damage equates opportunity loss. But I really feel like we should have a harm dedicated to identity theft/usurpation.",1710936778
2024-03-20,PN,AIAAIC1375,General public,Political & economic,Political manipulation,Potential,,1710936778
2024-03-20,PN,AIAAIC1375,General public,Political & economic,Political instability,Potential,,1710936778
2024-03-20,PN,AIAAIC1375,General public,Societal & cultural,Information ecosystem degradation,Potential,,1710936778
2024-03-20,PN,AIAAIC1354,Users,Human rights & civil liberties,Privacy loss,Actual,,1710937081
2024-03-20,PN,AIAAIC1354,Users,Autonomy,Impersonation/identity theft,Potential,,1710937081
2024-03-20,PN,AIAAIC1354,Users,Autonomy,Personality loss,Potential,,1710937081
2024-03-21,PN,AIAAIC1349,Users,Physical,Personal health deterioration,Actual,,1711001860
2024-03-21,PN,AIAAIC1349,Users,Physical,Bodily injury,Actual,,1711001860
2024-03-21,PN,AIAAIC1349,Users,Emotional & psychological,Sexualisation,Actual,Could not find anything directly a addressing harassment / sexual harassment.,1711001860
2024-03-21,PN,AIAAIC1349,Users,Emotional & psychological,Anxiety/distress/depression,Actual,Could not find anything directly a addressing harassment / sexual harassment.,1711001860
2024-03-21,PN,AIAAIC1349,Vulnerable groups,Physical,Bodily injury,Actual,,1711001860
2024-03-21,PN,AIAAIC1349,Vulnerable groups,Physical,Personal health deterioration,Actual,,1711001860
2024-03-21,PN,AIAAIC1349,Vulnerable groups,Emotional & psychological,Sexualisation,Actual,,1711001860
2024-03-21,PN,AIAAIC1349,Vulnerable groups,Emotional & psychological,Anxiety/distress/depression,Actual,,1711001860
2024-03-21,PN,AIAAIC1238,Users,Emotional & psychological,Dehumanisation/objectification,Potential,,1711002408
2024-03-21,PN,AIAAIC1238,Users,Emotional & psychological,Sexualisation,Potential,,1711002408
2024-03-21,PN,AIAAIC1238,General public,Emotional & psychological,Sexualisation,Potential,,1711002408
2024-03-21,PN,AIAAIC1238,General public,Emotional & psychological,Dehumanisation/objectification,Potential,,1711002408
2024-03-21,PN,AIAAIC1232,Vulnerable groups,Physical,Bodily injury,Actual,,1711003519
2024-03-21,PN,AIAAIC1232,Vulnerable groups,Physical,Loss of life,Actual,,1711003519
2024-03-21,PN,AIAAIC1232,Vulnerable groups,Physical,Property damage,Actual,,1711003519
2024-03-21,PN,AIAAIC1232,Vulnerable groups,Human rights & civil liberties,Loss of human rights and freedoms,Actual,,1711003519
2024-03-21,PN,AIAAIC1232,Vulnerable groups,Societal & cultural,Violence/armed conflict,Actual,,1711003519
2024-03-21,PN,AIAAIC1232,Vulnerable groups,Societal & cultural,Societal destabilisation,Actual,,1711003519
2024-03-21,PN,AIAAIC1232,Vulnerable groups,Political & economic,Critical infrastructure damage,Actual,,1711003519
2024-03-21,PN,AIAAIC1193,Users,Human rights & civil liberties,Privacy loss,Potential,"Big uncertainty on the category of subjects there: not really ""users"" because patients are passive and indirect targets of the AI use.",1711003940
2024-03-21,PN,AIAAIC1193,Vulnerable groups,Human rights & civil liberties,Privacy loss,Potential,,1711003940
2024-03-21,DB,AIAAIC1375,Users,Psychological,Coercion/manipulation,Actual,,1711012705
2024-03-21,DB,AIAAIC1375,Users,Political & economic,Political manipulation,Actual,,1711012705
2024-03-21,DB,AIAAIC1375,Artists/content creators,Autonomy,Impersonation/identity theft,Actual,,1711012705
2024-03-25,DB,AIAAIC1365,General public,Societal & cultural,Public service delivery deterioration,Actual,"I would have put ""potential increase in criminality""",1711394066
2024-03-25,DB,AIAAIC1365,Users,Autonomy,Autonomy/agency loss,Actual,,1711394066
2024-03-25,DB,AIAAIC1365,Users,Reputational,Loss of confidence/trust,Potential,,1711394066
2024-03-25,DB,AIAAIC1354,Workers,Human rights & civil liberties,Privacy loss,Actual,,1711394509
2024-03-25,DB,AIAAIC1349,Users,Physical,Bodily injury,Actual,"Where to put ""rape""? ",1711394671
2024-03-25,DB,AIAAIC1349,Users,Psychological,Anxiety/distress,Actual,,1711394671
2024-03-25,DB,AIAAIC1238,General public,Psychological,Sexualisation,Potential,,1711394808
2024-03-25,DB,AIAAIC1232,General public,Physical,Loss of life,Actual,,1711394949
2024-03-25,DB,AIAAIC1232,General public,Psychological,Anxiety/distress,Actual,,1711394949
2024-03-25,DB,AIAAIC1232,General public,Psychological,Dehumanisation/objectification,Actual,,1711394949
2024-03-25,DB,AIAAIC1232,Vulnerable groups,Physical,Loss of life,Actual,,1711394949
2024-03-25,DB,AIAAIC1232,Vulnerable groups,Psychological,Anxiety/distress,Actual,,1711394949
2024-03-25,DB,AIAAIC1193,General public,Human rights & civil liberties,Privacy loss,Actual,,1711395034
2024-03-25,DB,AIAAIC0554,Vulnerable groups,Physical,Loss of life,Actual,,1711395407
2024-03-25,DB,AIAAIC0554,Vulnerable groups,Psychological,Dignity loss,Actual,,1711395407
2024-03-25,DB,AIAAIC0554,Vulnerable groups,Psychological,Anxiety/distress,Actual,,1711395407
2024-03-25,DB,AIAAIC0554,Vulnerable groups,Reputational,Defamation/libel/slander,Actual,,1711395407
2024-03-25,DB,AIAAIC0554,Vulnerable groups,Financial & business,Livelihood loss,Actual,,1711395407
2024-03-25,DB,AIAAIC0554,Vulnerable groups,Human rights & civil liberties,Benefits/entitlements loss,Actual,,1711395407
2024-03-25,DB,AIAAIC0554,Vulnerable groups,Societal & cultural,Stereotyping,Actual,,1711395407
2024-03-25,DB,AIAAIC0554,Government/public sector,Psychological,Dignity loss,Actual,,1711395949
2024-03-26,DB,AIAAIC1411,General public,Societal & cultural,Public service delivery deterioration,Potential,"If I'm not mistaken, no category explicitly tackles the increase in insecurity. 
Also, the distinction between primary and secondary stakeholders does not really hold here. ",1711484271
2024-03-26,DB,AIAAIC1411,Users,Reputational,Loss of confidence/trust,Actual,,1711484271
2024-03-26,DB,AIAAIC1411,Users,Autonomy,Autonomy/agency loss,Actual,A potentially missing category here: making one's work harder and less efficient. ,1711484271
2024-03-27,JH,AIAAIC1411,General public,Human rights & civil liberties,Discrimination,Actual,,1711545342
2024-03-27,JH,AIAAIC1411,Government/public sector,Reputational,Loss of confidence/trust,Actual,,1711545342
2024-03-27,SV,AIAAIC1411,Vulnerable groups,Autonomy,Autonomy/agency loss,Actual,,1711545432
2024-03-27,SV,AIAAIC1411,Vulnerable groups,Psychological,Anxiety/distress,Actual,,1711545432
2024-03-27,SV,AIAAIC1411,Vulnerable groups,Psychological,Alienation/isolation,Actual,,1711545432
2024-03-27,SV,AIAAIC1411,Vulnerable groups,Psychological,Dignity loss,Actual,,1711545432
2024-03-27,SV,AIAAIC1411,Vulnerable groups,Human rights & civil liberties,Discrimination,Actual,,1711545432
2024-03-27,SV,AIAAIC1411,Vulnerable groups,Human rights & civil liberties,Loss/violation of human rights and freedoms,Actual,,1711545432
2024-03-27,SV,AIAAIC1411,Vulnerable groups,Human rights & civil liberties,Privacy loss,Actual,,1711545432
2024-03-27,SV,AIAAIC1411,Government/public sector,Reputational,Loss of confidence/trust,Actual,,1711545432
2024-03-27,SV,AIAAIC1411,Government/public sector,Financial & business,Financial/earnings loss,Actual,,1711545432
2024-03-27,SV,AIAAIC1411,Government/public sector,Financial & business,Opportunity loss,Actual,,1711545432
2024-03-27,SV,AIAAIC1411,Government/public sector,Financial & business,Loss of productivity,Actual,,1711545432
2024-03-27,SV,AIAAIC1411,Government/public sector,Human rights & civil liberties,Discrimination,Potential,,1711545432
2024-03-27,SV,AIAAIC1411,Government/public sector,Human rights & civil liberties,Loss/violation of human rights and freedoms,Potential,,1711545432
2024-03-27,SV,AIAAIC1411,Government/public sector,Human rights & civil liberties,Privacy loss,Potential,,1711545432
2024-03-27,SV,AIAAIC1411,General public,Autonomy,Autonomy/agency loss,Actual,,1711545432
2024-03-27,SV,AIAAIC1411,General public,Psychological,Alienation/isolation,Actual,,1711545432
2024-03-27,SV,AIAAIC1411,General public,Psychological,Anxiety/distress,Actual,,1711545432
2024-03-27,SV,AIAAIC1411,General public,Psychological,Dignity loss,Actual,,1711545432
2024-03-27,SV,AIAAIC1411,General public,Human rights & civil liberties,Discrimination,Actual,,1711545432
2024-03-27,SV,AIAAIC1411,General public,Human rights & civil liberties,Loss/violation of human rights and freedoms,Actual,,1711545432
2024-03-27,SV,AIAAIC1411,General public,Human rights & civil liberties,Privacy loss,Actual,,1711545432
2024-03-27,SV,AIAAIC1411,General public,Societal & cultural,Information ecosystem degradation,Actual,,1711545432
2024-03-27,SV,AIAAIC1411,General public,Societal & cultural,Stereotyping,Actual,,1711545432
2024-03-27,SV,AIAAIC1411,General public,Societal & cultural,Societal inequality,Actual,,1711545432
2024-03-27,SV,AIAAIC1411,Workers,Autonomy,Autonomy/agency loss,Potential,,1711545432
2024-03-27,SV,AIAAIC1411,Workers,Psychological,Anxiety/distress,Potential,,1711545432
2024-03-27,SV,AIAAIC1411,Workers,Psychological,Dignity loss,Potential,,1711545432
2024-03-27,SV,AIAAIC1411,Workers,Psychological,Over-reliance,Potential,,1711545432
2024-03-27,SV,AIAAIC1411,Workers,Financial & business,Financial/earnings loss,Potential,,1711545432
2024-03-27,SV,AIAAIC1411,Workers,Financial & business,Livelihood loss,Potential,,1711545432
2024-03-27,SV,AIAAIC1411,Workers,Financial & business,Opportunity loss,Potential,,1711545432
2024-03-27,JH,AIAAIC1410,General public,Psychological,Coercion/manipulation,Actual,,1711546102
2024-03-27,JH,AIAAIC1410,Artists/content creators,Reputational,Defamation/libel/slander,Actual,,1711546102
2024-03-27,JH,AIAAIC1410,Artists/content creators,Human rights & civil liberties,Privacy loss,Actual,,1711546102
2024-03-27,JH,AIAAIC1409,Users,Autonomy,Personality rights loss,Actual,,1711546506
2024-03-27,SV,AIAAIC1410,Users,Autonomy,Personality rights loss,Actual,,1711546613
2024-03-27,SV,AIAAIC1410,Users,Psychological,Addiction,Potential,,1711546613
2024-03-27,SV,AIAAIC1410,Users,Psychological,Anxiety/distress,Potential,,1711546613
2024-03-27,SV,AIAAIC1410,Artists/content creators,Financial & business,Financial/earnings loss,Potential,,1711546613
2024-03-27,SV,AIAAIC1410,Artists/content creators,Financial & business,Livelihood loss,Potential,,1711546613
2024-03-27,SV,AIAAIC1410,General public,Psychological,Anxiety/distress,Potential,,1711546613
2024-03-27,SV,AIAAIC1410,General public,Reputational,Defamation/libel/slander,Potential,,1711546613
2024-03-27,SV,AIAAIC1410,General public,Financial & business,Financial/earnings loss,Potential,,1711546613
2024-03-27,SV,AIAAIC1410,General public,Financial & business,Livelihood loss,Potential,,1711546613
2024-03-27,SV,AIAAIC1410,General public,Financial & business,Opportunity loss,Potential,,1711546613
2024-03-27,SV,AIAAIC1410,General public,Human rights & civil liberties,Discrimination,Potential,,1711546613
2024-03-27,SV,AIAAIC1410,General public,Human rights & civil liberties,Loss/violation of human rights and freedoms,Potential,,1711546613
2024-03-27,SV,AIAAIC1410,General public,Societal & cultural,Damage to public health,Potential,,1711546613
2024-03-27,SV,AIAAIC1410,General public,Societal & cultural,Information ecosystem degradation,Potential,,1711546613
2024-03-27,SV,AIAAIC1410,General public,Societal & cultural,Job loss/losses,Potential,,1711546613
2024-03-27,SV,AIAAIC1410,General public,Societal & cultural,Loss of creativity/critical thinking,Potential,,1711546613
2024-03-27,SV,AIAAIC1410,General public,Societal & cultural,Public service delivery deterioration,Potential,,1711546613
2024-03-27,SV,AIAAIC1410,General public,Political & economic,Economic/political power,Potential,,1711546613
2024-03-27,SV,AIAAIC1410,General public,Political & economic,Economic instability,Potential,,1711546613
2024-03-27,SV,AIAAIC1410,General public,Political & economic,Institutional trust loss,Potential,,1711546613
2024-03-27,SV,AIAAIC1410,General public,Political & economic,Political instability,Potential,,1711546613
2024-03-27,SV,AIAAIC1410,Government/public sector,Autonomy,Autonomy/agency loss,Potential,,1711546613
2024-03-27,SV,AIAAIC1410,Government/public sector,Financial & business,Confidentiality loss,Potential,,1711546613
2024-03-27,SV,AIAAIC1410,Government/public sector,Financial & business,Financial/earnings loss,Potential,,1711546613
2024-03-27,SV,AIAAIC1410,Government/public sector,Financial & business,Opportunity loss,Potential,,1711546613
2024-03-27,SV,AIAAIC1410,Government/public sector,Human rights & civil liberties,Discrimination,Potential,,1711546613
2024-03-27,SV,AIAAIC1410,Government/public sector,Human rights & civil liberties,Loss/violation of human rights and freedoms,Potential,,1711546613
2024-03-27,SV,AIAAIC1410,Government/public sector,Human rights & civil liberties,Privacy loss,Potential,,1711546613
2024-03-27,SV,AIAAIC1410,Government/public sector,Political & economic,Economic/political power,Potential,,1711546613
2024-03-27,JH,AIAAIC1405,General public,Societal & cultural,Information ecosystem degradation,Actual,,1711546709
2024-03-27,JH,AIAAIC1405,General public,Political & economic,Political manipulation,Actual,,1711546709
2024-03-27,JH,AIAAIC1405,Government/public sector,Reputational,Loss of confidence/trust,Actual,,1711546709
2024-03-27,JH,AIAAIC1403,General public,Autonomy,Personality rights loss,Actual,,1711546977
2024-03-27,SV,AIAAIC1409,Government/public sector,Human rights & civil liberties,Privacy loss,Potential,,1711547141
2024-03-27,SV,AIAAIC1409,Users,Psychological,Anxiety/distress,Potential,,1711547141
2024-03-27,SV,AIAAIC1409,Users,Psychological,Harassment/abuse/intimidation,Potential,,1711547141
2024-03-27,SV,AIAAIC1409,Users,Psychological,Coercion/manipulation,Potential,,1711547141
2024-03-27,SV,AIAAIC1409,Users,Human rights & civil liberties,Discrimination,Potential,,1711547141
2024-03-27,SV,AIAAIC1409,Users,Human rights & civil liberties,Loss/violation of human rights and freedoms,Potential,,1711547141
2024-03-27,SV,AIAAIC1409,Users,Human rights & civil liberties,Privacy loss,Potential,,1711547141
2024-03-27,SV,AIAAIC1409,General public,Psychological,Addiction,Potential,,1711547141
2024-03-27,SV,AIAAIC1409,General public,Psychological,Alienation/isolation,Potential,,1711547141
2024-03-27,SV,AIAAIC1409,General public,Psychological,Anxiety/distress,Potential,,1711547141
2024-03-27,SV,AIAAIC1409,General public,Psychological,Coercion/manipulation,Potential,,1711547141
2024-03-27,SV,AIAAIC1409,General public,Psychological,Dignity loss,Potential,,1711547141
2024-03-27,SV,AIAAIC1409,General public,Psychological,Harassment/abuse/intimidation,Potential,,1711547141
2024-03-27,SV,AIAAIC1409,General public,Psychological,Over-reliance,Potential,,1711547141
2024-03-27,SV,AIAAIC1409,General public,Psychological,Self-harm,Potential,,1711547141
2024-03-27,SV,AIAAIC1409,General public,Reputational,Defamation/libel/slander,Potential,,1711547141
2024-03-27,SV,AIAAIC1409,General public,Reputational,Loss of confidence/trust,Potential,,1711547141
2024-03-27,SV,AIAAIC1409,General public,Financial & business,Financial/earnings loss,Potential,,1711547141
2024-03-27,SV,AIAAIC1409,General public,Financial & business,Livelihood loss,Potential,,1711547141
2024-03-27,SV,AIAAIC1409,General public,Financial & business,Opportunity loss,Potential,,1711547141
2024-03-27,SV,AIAAIC1409,General public,Human rights & civil liberties,Discrimination,Potential,,1711547141
2024-03-27,SV,AIAAIC1409,General public,Human rights & civil liberties,Loss/violation of human rights and freedoms,Potential,,1711547141
2024-03-27,SV,AIAAIC1409,General public,Societal & cultural,Damage to public health,Potential,,1711547141
2024-03-27,SV,AIAAIC1409,General public,Societal & cultural,Information ecosystem degradation,Potential,,1711547141
2024-03-27,SV,AIAAIC1409,General public,Societal & cultural,Job loss/losses,Potential,,1711547141
2024-03-27,SV,AIAAIC1409,General public,Societal & cultural,Societal destabilisation,Potential,,1711547141
2024-03-27,SV,AIAAIC1409,General public,Societal & cultural,Societal inequality,Potential,,1711547141
2024-03-27,SV,AIAAIC1405,General public,Psychological,Anxiety/distress,Actual,,1711547613
2024-03-27,SV,AIAAIC1405,General public,Psychological,Coercion/manipulation,Actual,,1711547613
2024-03-27,SV,AIAAIC1405,General public,Psychological,Harassment/abuse/intimidation,Actual,,1711547613
2024-03-27,SV,AIAAIC1405,General public,Reputational,Defamation/libel/slander,Potential,,1711547613
2024-03-27,SV,AIAAIC1405,General public,Reputational,Loss of confidence/trust,Potential,,1711547613
2024-03-27,SV,AIAAIC1405,General public,Societal & cultural,Information ecosystem degradation,Potential,,1711547613
2024-03-27,SV,AIAAIC1405,General public,Societal & cultural,Societal destabilisation,Potential,,1711547613
2024-03-27,SV,AIAAIC1405,Government/public sector,Political & economic,Critical infrastructure damage,Actual,,1711547613
2024-03-27,SV,AIAAIC1405,Government/public sector,Political & economic,Political manipulation,Actual,,1711547613
2024-03-27,SV,AIAAIC1405,Government/public sector,Human rights & civil liberties,Loss/violation of human rights and freedoms,Potential,,1711547613
2024-03-27,SV,AIAAIC1405,Government/public sector,Human rights & civil liberties,Privacy loss,Potential,,1711547613
2024-03-27,SV,AIAAIC1405,Users,Autonomy,Autonomy/agency loss,Potential,,1711547613
2024-03-27,SV,AIAAIC1405,Users,Psychological,Anxiety/distress,Potential,,1711547613
2024-03-27,SV,AIAAIC1405,Users,Psychological,Alienation/isolation,Potential,,1711547613
2024-03-27,SV,AIAAIC1405,Users,Financial & business,Financial/earnings loss,Potential,,1711547613
2024-03-27,SV,AIAAIC1405,Users,Financial & business,Livelihood loss,Potential,,1711547613
2024-03-27,SV,AIAAIC1403,Users,Autonomy,IP/copyright loss,Potential,,1711548192
2024-03-27,SV,AIAAIC1403,Users,Reputational,Defamation/libel/slander,Potential,,1711548192
2024-03-27,SV,AIAAIC1403,Government/public sector,Political & economic,Economic/political power,Actual,,1711548192
2024-03-27,SV,AIAAIC1403,Government/public sector,Political & economic,Institutional trust loss,Actual,,1711548192
2024-03-27,SV,AIAAIC1403,General public,Psychological,Anxiety/distress,Potential,,1711548192
2024-03-27,SV,AIAAIC1403,General public,Societal & cultural,Damage to public health,Potential,,1711548192
2024-03-27,SV,AIAAIC1403,General public,Societal & cultural,Information ecosystem degradation,Potential,,1711548192
2024-03-27,SV,AIAAIC1403,General public,Societal & cultural,Job loss/losses,Potential,,1711548192
2024-03-27,SV,AIAAIC1403,General public,Societal & cultural,Societal destabilisation,Potential,,1711548192
2024-03-27,SV,AIAAIC1403,Business,Financial & business,Financial/earnings loss,Potential,,1711548192
2024-03-27,SV,AIAAIC1403,Business,Financial & business,Loss of productivity,Potential,,1711548192
2024-03-27,SV,AIAAIC1403,Business,Financial & business,Opportunity loss,Potential,,1711548192
2024-03-27,SV,AIAAIC1403,Business,Reputational,Defamation/libel/slander,Potential,,1711548192
2024-03-27,CP,AIAAIC1411,General public,Societal & cultural,Public service delivery deterioration,Actual,,1711554319
2024-03-27,CP,AIAAIC1411,General public,Human rights & civil liberties,Discrimination,Actual,,1711554319
2024-03-27,CP,AIAAIC1410,General public,Autonomy,Personality rights loss,Actual,Do dead celebrities who are the subject of a system count as general public?,1711554628
2024-03-27,CP,AIAAIC1410,General public,Psychological,Anxiety/distress,Actual,,1711554628
2024-03-27,CP,AIAAIC1409,Users,Human rights & civil liberties,Privacy loss,Potential,,1711554897
2024-03-27,CP,AIAAIC1405,Users,Autonomy,Impersonation/identity theft,Actual,,1711555632
2024-03-27,CP,AIAAIC1403,Users,Human rights & civil liberties,Privacy loss,Potential,I have catogorised students as users as they are potential collateral damage having given their permission for third-party use of the content/data,1711555944
2024-03-27,DB,AIAAIC1410,Artists/content creators,Autonomy,Impersonation/identity theft,Actual,,1711577077
2024-03-27,DB,AIAAIC1410,Artists/content creators,Autonomy,Personality rights loss,Actual,,1711577077
2024-03-27,DB,AIAAIC1410,General public,Psychological,Harassment/abuse/intimidation,Actual,General public here refers to the artists' families and fans. ,1711577077
2024-03-27,DB,AIAAIC1409,Users,Human rights & civil liberties,Privacy loss,Potential,,1711577665
2024-03-27,DB,AIAAIC1405,Government/public sector,Autonomy,Impersonation/identity theft,Actual,,1711577835
2024-03-27,DB,AIAAIC1403,General public,Human rights & civil liberties,Privacy loss,Actual,"I'm not so happy about ""privacy loss"" in this case. It's more like ""data rights misuse"".",1711578046
2024-03-28,US,AIAAIC1411,Vulnerable groups,Human rights & civil liberties,Discrimination,Actual,,1711587214
2024-03-28,US,AIAAIC1411,Vulnerable groups,Human rights & civil liberties,Loss/violation of human rights and freedoms,Actual,,1711587214
2024-03-28,US,AIAAIC1411,General public,Reputational,Loss of confidence/trust,Actual,,1711587214
2024-03-28,US,AIAAIC1410,Artists/content creators,Autonomy,Impersonation/identity theft,Actual,,1711587458
2024-03-28,US,AIAAIC1410,Artists/content creators,Autonomy,Personality rights loss,Actual,,1711587458
2024-03-28,US,AIAAIC1410,Artists/content creators,Reputational,Defamation/libel/slander,Potential,,1711587458
2024-03-28,US,AIAAIC1410,Users,Societal & cultural,Cheating/plagiarism,Potential,,1711587458
2024-03-28,US,AIAAIC1409,Users,Human rights & civil liberties,Privacy loss,Actual,,1711587627
2024-03-28,US,AIAAIC1409,General public,Political & economic,Economic/political power,Potential,,1711587627
2024-03-28,US,AIAAIC1405,Users,Political & economic,Political manipulation,Potential,,1711587838
2024-03-28,US,AIAAIC1405,General public,Societal & cultural,Information ecosystem degradation,Actual,,1711587838
2024-03-28,US,AIAAIC1403,Artists/content creators,Autonomy,IP/copyright loss,Potential,,1711587988
2024-03-28,PN,AIAAIC1411,Government/public sector,Societal & cultural,Public service delivery deterioration,Actual,,1711620071
2024-03-28,PN,AIAAIC1411,Government/public sector,Societal & cultural,Stereotyping,Actual,,1711620071
2024-03-28,PN,AIAAIC1411,Government/public sector,Societal & cultural,Societal inequality,Actual,,1711620071
2024-03-28,PN,AIAAIC1411,Government/public sector,Financial & business,Opportunity loss,Actual,,1711620071
2024-03-28,PN,AIAAIC1411,Government/public sector,Financial & business,Loss of productivity,Actual,,1711620071
2024-03-28,PN,AIAAIC1411,General public,Societal & cultural,Public service delivery deterioration,Actual,"I wonder if, at some point, it would make sense to have a dedicated category/subcategory to the police/army.",1711620071
2024-03-28,PN,AIAAIC1411,Vulnerable groups,Societal & cultural,Public service delivery deterioration,Actual,,1711620071
2024-03-28,PN,AIAAIC1411,Vulnerable groups,Societal & cultural,Societal inequality,Actual,,1711620071
2024-03-28,PN,AIAAIC1411,Vulnerable groups,Societal & cultural,Societal destabilisation,Actual,,1711620071
2024-03-28,PN,AIAAIC1411,Vulnerable groups,Human rights & civil liberties,Discrimination,Potential,,1711620071
2024-03-28,PN,AIAAIC1410,Artists/content creators,Autonomy,Impersonation/identity theft,Actual,,1711624932
2024-03-28,PN,AIAAIC1410,Artists/content creators,Autonomy,Personality rights loss,Actual,,1711624932
2024-03-28,PN,AIAAIC1410,Users,Psychological,Anxiety/distress,Potential,"Yet another example that we need a dedicated stakeholder category to described targeted ""non-users"" subjects and their close relatives.",1711624932
2024-03-28,PN,AIAAIC1410,Users,Psychological,Dehumanisation/objectification,Potential,"Yet another example that we need a dedicated stakeholder category to described targeted ""non-users"" subjects and their close relatives.",1711624932
2024-03-28,PN,AIAAIC1410,Users,Psychological,Dignity loss,Potential,"Yet another example that we need a dedicated stakeholder category to described targeted ""non-users"" subjects and their close relatives.",1711624932
2024-03-28,PN,AIAAIC1409,Users,Human rights & civil liberties,Privacy loss,Potential,,1711625058
2024-03-28,PN,AIAAIC1409,Users,Autonomy,Impersonation/identity theft,Potential,,1711625058
2024-03-28,PN,AIAAIC1409,Users,Autonomy,Personality rights loss,Potential,,1711625058
2024-03-28,PN,AIAAIC1405,General public,Political & economic,Institutional trust loss,Actual,,1711625786
2024-03-28,PN,AIAAIC1405,General public,Political & economic,Political manipulation,Actual,,1711625786
2024-03-28,PN,AIAAIC1405,General public,Political & economic,Political instability,Actual,,1711625786
2024-03-28,PN,AIAAIC1405,General public,Societal & cultural,Information ecosystem degradation,Actual,,1711625786
2024-03-28,PN,AIAAIC1405,General public,Societal & cultural,Societal destabilisation,Actual,,1711625786
2024-03-28,PN,AIAAIC1403,Users,Autonomy,IP/copyright loss,Potential,,1711625974
2024-03-28,PN,AIAAIC1403,Users,Human rights & civil liberties,Privacy loss,Potential,,1711625974
2024-03-28,PN,AIAAIC1403,Users,Financial & business,Confidentiality loss,Potential,,1711625974
2024-03-28,GA,AIAAIC1411,Government/public sector,Societal & cultural,Public service delivery deterioration,Actual,,1711632799
2024-03-28,GA,AIAAIC1411,Vulnerable groups,Human rights & civil liberties,Discrimination,Actual,,1711632799
2024-03-28,GA,AIAAIC1410,Users,Autonomy,Personality rights loss,Actual,,1711633948
2024-03-28,GA,AIAAIC1410,General public,Psychological,Anxiety/distress,Actual,,1711633948
2024-03-28,GA,AIAAIC1409,Users,Human rights & civil liberties,Privacy loss,Actual,,1711634091
2024-03-28,GA,AIAAIC1405,Government/public sector,Reputational,Defamation/libel/slander,Actual,,1711634252
2024-03-28,GA,AIAAIC1405,Government/public sector,Autonomy,Impersonation/identity theft,Actual,,1711634252
2024-03-28,GA,AIAAIC1403,Users,Human rights & civil liberties,Privacy loss,Actual,,1711634352
2024-03-28,TC,AIAAIC1411,General public,Physical,Loss of life,Actual,,1711635465
2024-03-28,TC,AIAAIC1411,General public,Human rights & civil liberties,Loss/violation of human rights and freedoms,Actual,,1711635465
2024-03-28,TC,AIAAIC1411,Vulnerable groups,Human rights & civil liberties,Discrimination,Potential,,1711635465
2024-03-28,TC,AIAAIC1411,Government/public sector,Political & economic,Critical infrastructure damage,Actual,"The article references the misuse of public resources, as officers are sent on thousands of shot-spotter-initiated calls only to find no evidence of a gun or a crime. I chose this harm because the high-level description references lost effectiveness in the delivery of a public service, but I'm not sure which specific harm is correct here.",1711635465
2024-03-28,MS,AIAAIC1410,General public,Psychological,Anxiety/distress,Actual,,1711636320
2024-03-28,MS,AIAAIC1410,Artists/content creators,Autonomy,Impersonation/identity theft,Actual,,1711636320
2024-03-28,MS,AIAAIC1410,Artists/content creators,Autonomy,Personality rights loss,Actual,,1711636320
2024-03-28,MS,AIAAIC1409,Users,Autonomy,Autonomy/agency loss,Actual,,1711636484
2024-03-28,MS,AIAAIC1405,General public,Societal & cultural,Violence/armed conflict,Potential,,1711636800
2024-03-28,MS,AIAAIC1405,General public,Political & economic,Political manipulation,Potential,,1711636800
2024-03-28,MS,AIAAIC1403,Users,Autonomy,Autonomy/agency loss,Potential,"I'm not sure if this incident should be in the AI incident database. It is not the AI that caused the harm. The incident is about marketing of a dataset for potential AI training purposes, but it is the marketing and data governance failure that caused the harm.",1711637334
2024-03-28,AS,AIAAIC1411,Vulnerable groups,Human rights & civil liberties,Loss/violation of human rights and freedoms,Potential,"wrongful arrest, unfair imprisonment, miscarriage of justice",1711641053
2024-03-28,AS,AIAAIC1411,Vulnerable groups,Human rights & civil liberties,Discrimination,Potential,"wrongful arrest, unfair imprisonment, miscarriage of justice",1711641053
2024-03-28,AS,AIAAIC1411,General public,Human rights & civil liberties,Loss/violation of human rights and freedoms,Potential,miscarriage of justice,1711641053
2024-03-28,AS,AIAAIC1411,Government/public sector,Financial & business,Business operations/infrastructure damage,Potential,,1711641053
2024-03-28,AS,AIAAIC1411,Government/public sector,Financial & business,Confidentiality loss,Potential,,1711641053
2024-03-28,AS,AIAAIC1411,Government/public sector,Financial & business,Loss of productivity,Potential,,1711641053
2024-03-28,AS,AIAAIC1411,Government/public sector,Political & economic,Institutional trust loss,Potential,,1711641053
2024-03-28,AS,AIAAIC1411,Government/public sector,Reputational,Loss of confidence/trust,Potential,,1711641053
2024-03-28,AS,AIAAIC1409,Users,Autonomy,Personality rights loss,Actual,,1711641221
2024-03-28,AS,AIAAIC1405,General public,Political & economic,Political manipulation,Actual,,1711641428
2024-03-28,AS,AIAAIC1405,Government/public sector,Reputational,Defamation/libel/slander,Actual,,1711641428
2024-03-28,AS,AIAAIC1405,Government/public sector,Political & economic,Political manipulation,Actual,Government of Ukraine,1711641428
2024-03-28,AS,AIAAIC1403,Artists/content creators,Autonomy,IP/copyright loss,Potential,,1711641726
2024-03-28,AS,AIAAIC1403,Business,Reputational,Loss of confidence/trust,Potential,"""Business"" in this case is the university",1711641726
2024-03-28,AS,AIAAIC1410,Vulnerable groups,Autonomy,Impersonation/identity theft,Actual,Deceased people as a vulnerable group?,1711642086
2024-03-29,PG,AIAAIC1411,General public,Physical,Personal health deterioration,Actual,,1711701761
2024-03-29,PG,AIAAIC1411,Vulnerable groups,Physical,Loss of life,Actual,,1711701761
2024-04-01,CP,AIAAIC1418,Artists/content creators,Societal & cultural,Job loss/losses,Actual,,1711963925
2024-04-01,CP,AIAAIC1413,General public,Physical,Bodily injury,Actual,,1711964329
2024-04-01,CP,AIAAIC1413,General public,Human rights & civil liberties,Loss/violation of human rights and freedoms,Actual,,1711964329
2024-04-01,GA,AIAAIC1418,Artists/content creators,Societal & cultural,Job loss/losses,Actual,"For this one, I wanted to put the same stakeholder and harm twice: both actual and potential",1711965834
2024-04-01,GA,AIAAIC1413,Users,Physical,Bodily injury,Actual,,1711967254
2024-04-01,GA,AIAAIC1413,Users,Human rights & civil liberties,Loss/violation of human rights and freedoms,Actual,,1711967254
2024-04-01,EP,AIAAIC1418,Artists/content creators,Autonomy,IP/copyright loss,Actual,,1711969617
2024-04-01,EP,AIAAIC1418,Artists/content creators,Societal & cultural,Loss of creativity/critical thinking,Actual,,1711969617
2024-04-01,EP,AIAAIC1413,General public,Physical,Bodily injury,Actual,,1711970043
2024-04-01,EP,AIAAIC1413,General public,Autonomy,Autonomy/agency loss,Actual,,1711970043
2024-04-01,EP,AIAAIC1413,General public,Autonomy,IP/copyright loss,Actual,,1711970043
2024-04-01,EP,AIAAIC1413,General public,Human rights & civil liberties,Loss/violation of human rights and freedoms,Actual,,1711970043
2024-04-01,EP,AIAAIC1413,Government/public sector,Reputational,Loss of confidence/trust,Potential,,1711970043
2024-04-01,EP,AIAAIC1413,Government/public sector,Human rights & civil liberties,Loss/violation of human rights and freedoms,Potential,,1711970043
2024-04-01,DB,AIAAIC1418,Artists/content creators,Financial & business,Opportunity loss,Actual,"Should one add ""financial loss"" as well, since it goes hand in hand with ""opportunity loss""?",1712001583
2024-04-01,DB,AIAAIC1413,Vulnerable groups,Physical,Bodily injury,Actual,,1712002468
2024-04-01,DB,AIAAIC1413,Vulnerable groups,Physical,Loss of life,Actual,,1712002468
2024-04-01,DB,AIAAIC1413,Vulnerable groups,Human rights & civil liberties,Discrimination,Actual,,1712002468
2024-04-01,DB,AIAAIC1413,Vulnerable groups,Human rights & civil liberties,Loss/violation of human rights and freedoms,Actual,,1712002468
2024-04-01,DB,AIAAIC1413,Vulnerable groups,Human rights & civil liberties,Privacy loss,Actual,,1712002468
2024-04-02,PG,AIAAIC1418,Artists/content creators,Financial & business,Financial/earnings loss,Actual,,1712048808
2024-04-02,PG,AIAAIC1418,Artists/content creators,Societal & cultural,Information ecosystem degradation,Potential,,1712048808
2024-04-02,PG,AIAAIC1418,Workers,Financial & business,Financial/earnings loss,Actual,,1712048808
2024-04-02,PG,AIAAIC1413,General public,Physical,Bodily injury,Actual,,1712048973
2024-04-02,PG,AIAAIC1413,General public,Psychological,Anxiety/distress,Actual,,1712048973
2024-04-02,PG,AIAAIC1413,Vulnerable groups,Physical,Bodily injury,Actual,,1712048973
2024-04-02,SV,AIAAIC1418,Artists/content creators,Autonomy,Autonomy/agency loss,Actual,,1712050253
2024-04-02,SV,AIAAIC1418,Artists/content creators,Autonomy,IP/copyright loss,Actual,,1712050253
2024-04-02,SV,AIAAIC1418,Artists/content creators,Autonomy,Personality rights loss,Actual,,1712050253
2024-04-02,SV,AIAAIC1418,Artists/content creators,Financial & business,Financial/earnings loss,Actual,,1712050253
2024-04-02,SV,AIAAIC1418,Artists/content creators,Financial & business,Livelihood loss,Actual,,1712050253
2024-04-02,SV,AIAAIC1418,Artists/content creators,Financial & business,Opportunity loss,Actual,,1712050253
2024-04-02,SV,AIAAIC1418,Artists/content creators,Societal & cultural,Loss of creativity/critical thinking,Potential,,1712050253
2024-04-02,SV,AIAAIC1418,Artists/content creators,Societal & cultural,Stereotyping,Potential,,1712050253
2024-04-02,SV,AIAAIC1418,Artists/content creators,Societal & cultural,Job loss/losses,Potential,,1712050253
2024-04-02,SV,AIAAIC1418,Workers,Autonomy,Autonomy/agency loss,Potential,,1712050253
2024-04-02,SV,AIAAIC1418,Workers,Financial & business,Financial/earnings loss,Actual,,1712050253
2024-04-02,SV,AIAAIC1418,Workers,Financial & business,Livelihood loss,Actual,,1712050253
2024-04-02,SV,AIAAIC1418,Workers,Financial & business,Opportunity loss,Actual,,1712050253
2024-04-02,SV,AIAAIC1418,Workers,Societal & cultural,Job loss/losses,Potential,,1712050253
2024-04-02,SV,AIAAIC1418,Workers,Societal & cultural,Loss of creativity/critical thinking,Potential,,1712050253
2024-04-02,SV,AIAAIC1418,Workers,Societal & cultural,Societal inequality,Potential,,1712050253
2024-04-02,SV,AIAAIC1418,Business,Reputational,Loss of confidence/trust,Actual,,1712050253
2024-04-02,SV,AIAAIC1418,Business,Financial & business,Financial/earnings loss,Potential,,1712050253
2024-04-02,SV,AIAAIC1418,Business,Financial & business,Loss of productivity,Potential,,1712050253
2024-04-02,SV,AIAAIC1418,Business,Financial & business,Opportunity loss,Potential,,1712050253
2024-04-02,SV,AIAAIC1418,Business,Societal & cultural,Loss of creativity/critical thinking,Potential,,1712050253
2024-04-02,SV,AIAAIC1418,Business,Societal & cultural,Stereotyping,Potential,,1712050253
2024-04-02,SV,AIAAIC1418,Business,Societal & cultural,Societal inequality,Potential,,1712050253
2024-04-02,SV,AIAAIC1418,General public,Psychological,Alienation/isolation,Potential,,1712050253
2024-04-02,SV,AIAAIC1418,General public,Psychological,Anxiety/distress,Potential,,1712050253
2024-04-02,SV,AIAAIC1418,General public,Psychological,Dehumanisation/objectification,Potential,,1712050253
2024-04-02,SV,AIAAIC1418,General public,Societal & cultural,Loss of creativity/critical thinking,Potential,,1712050253
2024-04-02,SV,AIAAIC1418,General public,Societal & cultural,Stereotyping,Potential,,1712050253
2024-04-02,SV,AIAAIC1418,General public,Societal & cultural,Societal inequality,Potential,,1712050253
2024-04-02,SV,AIAAIC1418,General public,Human rights & civil liberties,Discrimination,Potential,,1712050253
2024-04-02,SV,AIAAIC1418,General public,Human rights & civil liberties,Loss/violation of human rights and freedoms,Potential,,1712050253
2024-04-02,SV,AIAAIC1418,General public,Human rights & civil liberties,Privacy loss,Potential,,1712050253
2024-04-02,SV,AIAAIC1413,Vulnerable groups,Physical,Bodily injury,Actual,,1712051436
2024-04-02,SV,AIAAIC1413,Vulnerable groups,Psychological,Anxiety/distress,Actual,,1712051436
2024-04-02,SV,AIAAIC1413,Vulnerable groups,Psychological,Coercion/manipulation,Actual,,1712051436
2024-04-02,SV,AIAAIC1413,Vulnerable groups,Psychological,Dehumanisation/objectification,Actual,,1712051436
2024-04-02,SV,AIAAIC1413,Vulnerable groups,Psychological,Dignity loss,Actual,,1712051436
2024-04-02,SV,AIAAIC1413,Vulnerable groups,Psychological,Harassment/abuse/intimidation,Actual,,1712051436
2024-04-02,SV,AIAAIC1413,Vulnerable groups,Human rights & civil liberties,Discrimination,Actual,,1712051436
2024-04-02,SV,AIAAIC1413,Vulnerable groups,Human rights & civil liberties,Loss/violation of human rights and freedoms,Actual,,1712051436
2024-04-02,SV,AIAAIC1413,General public,Psychological,Anxiety/distress,Potential,,1712051436
2024-04-02,SV,AIAAIC1413,General public,Financial & business,Financial/earnings loss,Potential,,1712051436
2024-04-02,SV,AIAAIC1413,General public,Financial & business,Livelihood loss,Potential,,1712051436
2024-04-02,SV,AIAAIC1413,General public,Financial & business,Opportunity loss,Potential,,1712051436
2024-04-02,SV,AIAAIC1413,General public,Societal & cultural,Damage to public health,Potential,,1712051436
2024-04-02,SV,AIAAIC1413,General public,Societal & cultural,Information ecosystem degradation,Potential,,1712051436
2024-04-02,SV,AIAAIC1413,General public,Societal & cultural,Job loss/losses,Potential,,1712051436
2024-04-02,SV,AIAAIC1413,Users,Human rights & civil liberties,Loss/violation of human rights and freedoms,Actual,,1712051436
2024-04-02,SV,AIAAIC1413,Users,Human rights & civil liberties,Privacy loss,Actual,,1712051436
2024-04-02,SV,AIAAIC1413,Government/public sector,Political & economic,Political instability,Actual,,1712051436
2024-04-02,AS,AIAAIC1413,Vulnerable groups,Physical,Bodily injury,Actual,,1712068739
2024-04-02,AS,AIAAIC1413,Vulnerable groups,Human rights & civil liberties,Loss/violation of human rights and freedoms,Actual,,1712068739
2024-04-02,AS,AIAAIC1413,Vulnerable groups,Human rights & civil liberties,Discrimination,Actual,,1712068739
2024-04-02,AS,AIAAIC1413,Government/public sector,Reputational,Loss of confidence/trust,Actual,,1712068739
2024-04-02,AS,AIAAIC1413,Government/public sector,Political & economic,Institutional trust loss,Potential,,1712068739
2024-04-02,AS,AIAAIC1413,Government/public sector,Political & economic,Political instability,Potential,,1712068739
2024-04-02,AS,AIAAIC1413,General public,Human rights & civil liberties,Loss/violation of human rights and freedoms,Potential,,1712068739
2024-04-02,PN,AIAAIC1418,Artists/content creators,Financial & business,Opportunity loss,Actual,,1712072282
2024-04-02,PN,AIAAIC1418,Artists/content creators,Financial & business,Financial/earnings loss,Actual,,1712072282
2024-04-02,PN,AIAAIC1418,Artists/content creators,Autonomy,Personality rights loss,Potential,,1712072282
2024-04-02,PN,AIAAIC1418,Artists/content creators,Autonomy,IP/copyright loss,Potential,,1712072282
2024-04-02,PN,AIAAIC1418,Artists/content creators,Societal & cultural,Job loss/losses,Potential,,1712072282
2024-04-02,PN,AIAAIC1418,Artists/content creators,Societal & cultural,Loss of creativity/critical thinking,Potential,,1712072282
2024-04-02,PN,AIAAIC1418,Artists/content creators,Psychological,Dehumanisation/objectification,Potential,,1712072282
2024-04-02,PN,AIAAIC1413,Vulnerable groups,Human rights & civil liberties,Discrimination,Actual,,1712073165
2024-04-02,PN,AIAAIC1413,Vulnerable groups,Human rights & civil liberties,Loss/violation of human rights and freedoms,Actual,,1712073165
2024-04-02,PN,AIAAIC1413,Vulnerable groups,Human rights & civil liberties,Privacy loss,Actual,,1712073165
2024-04-02,PN,AIAAIC1413,Vulnerable groups,Political & economic,Political instability,Potential,,1712073165
2024-04-02,PN,AIAAIC1413,Vulnerable groups,Societal & cultural,Violence/armed conflict,Actual,,1712073165
2024-04-02,PN,AIAAIC1413,Vulnerable groups,Psychological,Dehumanisation/objectification,Potential,,1712073165
2024-04-02,PN,AIAAIC1413,Vulnerable groups,Psychological,Dignity loss,Potential,,1712073165
2024-04-02,PN,AIAAIC1413,Vulnerable groups,Psychological,Harassment/abuse/intimidation,Potential,,1712073165
2024-04-02,PN,AIAAIC1413,Vulnerable groups,Physical,Bodily injury,Actual,,1712073165
2024-04-03,MS,AIAAIC1418,Artists/content creators,Financial & business,Opportunity loss,Actual,,1712108486
2024-04-03,MS,AIAAIC1418,Artists/content creators,Societal & cultural,Job loss/losses,Potential,,1712108486
2024-04-03,MS,AIAAIC1413,Vulnerable groups,Human rights & civil liberties,Loss/violation of human rights and freedoms,Actual,,1712109020
2024-04-03,JH,AIAAIC1418,Artists/content creators,Psychological,Anxiety/distress,Actual,,1712166165
2024-04-03,JH,AIAAIC1418,Artists/content creators,Financial & business,Financial/earnings loss,Potential,,1712166165
2024-04-03,JH,AIAAIC1418,Workers,Financial & business,Loss of productivity,Potential,,1712166165
2024-04-03,JH,AIAAIC1413,Vulnerable groups,Human rights & civil liberties,Discrimination,Actual,,1712166365
2024-04-03,JH,AIAAIC1413,Government/public sector,Reputational,Loss of confidence/trust,Actual,,1712166365
2024-04-04,RT,AIAAIC1418,Artists/content creators,Financial & business,Livelihood loss,Actual,,1712198436
2024-04-04,RT,AIAAIC1418,Artists/content creators,Financial & business,Opportunity loss,Actual,,1712198436
2024-04-04,RT,AIAAIC1418,Vulnerable groups,Financial & business,Livelihood loss,Actual,,1712198436
2024-04-04,RT,AIAAIC1418,Vulnerable groups,Financial & business,Financial/earnings loss,Actual,,1712198436
2024-04-04,RT,AIAAIC1413,General public,Reputational,Defamation/libel/slander,Actual,,1712199490
2024-04-04,RT,AIAAIC1413,General public,Human rights & civil liberties,Loss/violation of human rights and freedoms,Actual,,1712199490
2024-04-04,RT,AIAAIC1413,General public,Human rights & civil liberties,Discrimination,Actual,,1712199490
2024-04-04,RT,AIAAIC1413,General public,Psychological,Dehumanisation/objectification,Actual,,1712199490
2024-04-04,RT,AIAAIC1413,General public,Psychological,Anxiety/distress,Actual,,1712199490
2024-04-04,RT,AIAAIC1413,General public,Psychological,Harassment/abuse/intimidation,Actual,,1712199490
2024-04-04,RT,AIAAIC1413,Vulnerable groups,Reputational,Defamation/libel/slander,Actual,,1712199490
2024-04-04,RT,AIAAIC1413,Vulnerable groups,Reputational,Loss of confidence/trust,Actual,,1712199490
2024-04-04,US,AIAAIC1418,Artists/content creators,Autonomy,IP/copyright loss,Actual,,1712240061
2024-04-04,US,AIAAIC1418,General public,Political & economic,Institutional trust loss,Potential,,1712240061
2024-04-04,LW,AIAAIC1418,Users,Autonomy,Personality rights loss,Actual,,1712240283
2024-04-04,LW,AIAAIC1418,Users,Financial & business,Financial/earnings loss,Actual,,1712240283
2024-04-04,LW,AIAAIC1418,Users,Financial & business,Livelihood loss,Actual,,1712240283
2024-04-04,LW,AIAAIC1418,Artists/content creators,Psychological,Alienation/isolation,Potential,,1712240283
2024-04-04,LW,AIAAIC1418,Artists/content creators,Psychological,Anxiety/distress,Potential,,1712240283
2024-04-04,LW,AIAAIC1418,Artists/content creators,Financial & business,Financial/earnings loss,Potential,,1712240283
2024-04-04,LW,AIAAIC1418,Artists/content creators,Financial & business,Livelihood loss,Potential,,1712240283
2024-04-04,LW,AIAAIC1418,Artists/content creators,Financial & business,Opportunity loss,Potential,,1712240283
2024-04-04,LW,AIAAIC1418,Artists/content creators,Autonomy,Personality rights loss,Potential,,1712240283
2024-04-04,LW,AIAAIC1418,Artists/content creators,Societal & cultural,Loss of creativity/critical thinking,Actual,,1712240283
2024-04-04,LW,AIAAIC1418,General public,Societal & cultural,Loss of creativity/critical thinking,Potential,,1712240283
2024-04-04,US,AIAAIC1413,Vulnerable groups,Physical,Loss of life,Actual,,1712240348
2024-04-04,US,AIAAIC1413,Vulnerable groups,Human rights & civil liberties,Loss/violation of human rights and freedoms,Actual,,1712240348
2024-04-04,US,AIAAIC1413,Users,Societal & cultural,Violence/armed conflict,Actual,,1712240348
2024-04-04,LW,AIAAIC1413,Users,Physical,Bodily injury,Actual,,1712240363
2024-04-04,LW,AIAAIC1413,Users,Physical,Loss of life,Actual,,1712240363
2024-04-04,LW,AIAAIC1413,Users,Physical,Personal health deterioration,Actual,,1712240363
2024-04-04,LW,AIAAIC1413,Users,Psychological,Anxiety/distress,Potential,,1712240363
2024-04-04,LW,AIAAIC1413,Users,Human rights & civil liberties,Loss/violation of human rights and freedoms,Actual,,1712240363
2024-04-09,AS,AIAAIC1426,Vulnerable groups,Human rights & civil liberties,Privacy loss,Actual,"- Actual violations to private life in (semi-)private space
- Potential lost of the access to (the street-side) dwelling
",1712663677
2024-04-09,AS,AIAAIC1426,Vulnerable groups,Human rights & civil liberties,Benefits/entitlements loss,Actual,"- Actual violations to private life in (semi-)private space
- Potential lost of the access to (the street-side) dwelling
",1712663677
2024-04-09,AS,AIAAIC1426,Government/public sector,Reputational,Loss of confidence/trust,Actual,,1712663677
2024-04-09,AS,AIAAIC1426,Government/public sector,Financial & business,Loss of productivity,Actual,Low accuracy causes damage to productivity,1712663677
2024-04-09,AS,AIAAIC1426,General public,Human rights & civil liberties,Privacy loss,Actual,"Not only people who live on the street side that got violated, but people who pass by can also got violated",1712663677
2024-04-09,AS,AIAAIC1420,Users,Human rights & civil liberties,Privacy loss,Actual,,1712663940
2024-04-09,AS,AIAAIC1420,Users,Autonomy,Personality rights loss,Actual,,1712663940
2024-04-09,AS,AIAAIC1420,Investors,Financial & business,Financial/earnings loss,Actual,,1712663940
2024-04-11,GA,AIAAIC1433,Users,Societal & cultural,Stereotyping,Actual,,1712823512
2024-04-11,GA,AIAAIC1426,Subjects,Human rights & civil liberties,Privacy loss,Potential,,1712824311
2024-04-11,GA,AIAAIC1426,Subjects,Human rights & civil liberties,Loss of right to due process,Potential,Not sure which harm covers 'displacement',1712824311
2024-04-11,SV,AIAAIC1433,Users,Societal & cultural,Stereotyping,Actual,,1712824348
2024-04-11,SV,AIAAIC1433,General public,Societal & cultural,Societal inequality,Actual,,1712824348
2024-04-11,SV,AIAAIC1433,Users,Reputational,Loss of confidence/trust,Actual,,1712824348
2024-04-11,SV,AIAAIC1426,Subjects,Human rights & civil liberties,Privacy loss,Potential,,1712824915
2024-04-11,SV,AIAAIC1426,Vulnerable groups,Human rights & civil liberties,Privacy loss,Potential,,1712824915
2024-04-11,CP,AIAAIC1433,Users,Human rights & civil liberties,Discrimination,Actual,,1712825975
2024-04-11,CP,AIAAIC1433,Users,Societal & cultural,Stereotyping,Actual,,1712825975
2024-04-11,CP,AIAAIC1426,Subjects,Human rights & civil liberties,Privacy loss,Potential,,1712826469
2024-04-11,CP,AIAAIC1426,Subjects,Human rights & civil liberties,Loss of right to liberty and security,Potential,,1712826469
2024-04-11,DB,AIAAIC1433,General public,Societal & cultural,Stereotyping,Actual,"Interesting situation: I wanted to also put ""users"" in, but my thinking was that the users are not impacted AS users, but as part of a minority group, so I excluded it. ",1712829741
2024-04-11,DB,AIAAIC1433,Vulnerable groups,Societal & cultural,Stereotyping,Actual,"Interesting situation: I wanted to also put ""users"" in, but my thinking was that the users are not impacted AS users, but as part of a minority group, so I excluded it. ",1712829741
2024-04-11,LW,AIAAIC1433,Vulnerable groups,Human rights & civil liberties,Discrimination,Actual,"I'm sure about vulnerable groups and users, however is the last sentence ""(...) the tool was accused of inadvertently contributing to a lack of diversity and inclusivity in visual content""  sufficient for General Public? ",1712833539
2024-04-11,LW,AIAAIC1433,Users,Human rights & civil liberties,Discrimination,Actual,"I'm sure about vulnerable groups and users, however is the last sentence ""(...) the tool was accused of inadvertently contributing to a lack of diversity and inclusivity in visual content""  sufficient for General Public? ",1712833539
2024-04-11,LW,AIAAIC1433,General public,Human rights & civil liberties,Discrimination,Actual,"I'm sure about vulnerable groups and users, however is the last sentence ""(...) the tool was accused of inadvertently contributing to a lack of diversity and inclusivity in visual content""  sufficient for General Public? ",1712833539
2024-04-11,LW,AIAAIC1426,Subjects,Human rights & civil liberties,Privacy loss,Potential,,1712833697
2024-04-11,LW,AIAAIC1426,Vulnerable groups,Human rights & civil liberties,Privacy loss,Potential,,1712833697
2024-04-11,LW,AIAAIC1426,Subjects,Human rights & civil liberties,Loss of right to liberty and security,Potential,,1712833697
2024-04-11,LW,AIAAIC1426,Vulnerable groups,Human rights & civil liberties,Loss of right to liberty and security,Potential,,1712833697
2024-04-11,MS,AIAAIC1433,Users,Societal & cultural,Stereotyping,Actual,,1712838074
2024-04-11,MS,AIAAIC1433,Vulnerable groups,Societal & cultural,Stereotyping,Actual,,1712838074
2024-04-11,JH,AIAAIC1433,General public,Societal & cultural,Stereotyping,Actual,,1712838899
2024-04-11,JH,AIAAIC1433,General public,Societal & cultural,Societal inequality,Actual,,1712838899
2024-04-11,MS,AIAAIC1426,General public,Human rights & civil liberties,Privacy loss,Actual,,1712839045
2024-04-11,MS,AIAAIC1426,Vulnerable groups,Human rights & civil liberties,Privacy loss,Actual,,1712839045
2024-04-11,JH,AIAAIC1426,Vulnerable groups,Human rights & civil liberties,Discrimination,Actual,,1712839156
2024-04-11,JH,AIAAIC1426,Vulnerable groups,Psychological,Dehumanisation/objectification,Actual,,1712839156
2024-04-11,JH,AIAAIC1426,Government/public service,Political & economic,Institutional trust loss,Actual,,1712839156
2024-04-11,JP,AIAAIC1426,Subjects,Human rights & civil liberties,Privacy loss,Potential,,1712844033
2024-04-11,JP,AIAAIC1426,Subjects,Societal & cultural,Societal inequality,Actual,,1712844033
2024-04-11,DG,AIAAIC1433,Subjects,Societal & cultural,Stereotyping,Actual,,1712844120
2024-04-11,DG,AIAAIC1433,Vulnerable groups,Societal & cultural,Stereotyping,Actual,,1712844120
2024-04-11,DG,AIAAIC1433,General public,Societal & cultural,Stereotyping,Actual,,1712844120
2024-04-11,DG,AIAAIC1433,Subjects,Human rights & civil liberties,Discrimination,Actual,,1712844120
2024-04-11,DG,AIAAIC1433,Vulnerable groups,Human rights & civil liberties,Discrimination,Actual,,1712844120
2024-04-11,DG,AIAAIC1433,General public,Human rights & civil liberties,Discrimination,Actual,,1712844120
2024-04-11,DG,AIAAIC1433,Vulnerable groups,Psychological,Radicalisation,Potential,,1712844120
2024-04-11,DG,AIAAIC1433,Subjects,Psychological,Radicalisation,Potential,,1712844120
2024-04-11,DG,AIAAIC1433,General public,Psychological,Radicalisation,Potential,,1712844120
2024-04-11,DG,AIAAIC1426,Subjects,Human rights & civil liberties,Privacy loss,Actual,,1712844800
2024-04-11,DG,AIAAIC1426,Vulnerable groups,Human rights & civil liberties,Privacy loss,Actual,,1712844800
2024-04-11,DG,AIAAIC1426,Subjects,Societal & cultural,Societal inequality,Actual,,1712844800
2024-04-11,DG,AIAAIC1426,Vulnerable groups,Societal & cultural,Societal inequality,Actual,,1712844800
2024-04-11,DG,AIAAIC1426,Users,Psychological,Over-reliance,Potential,,1712844800
2024-04-11,DG,AIAAIC1426,Government/public service,Psychological,Over-reliance,Potential,,1712844800
2024-04-11,DB,AIAAIC1426,General public,Human rights & civil liberties,Privacy loss,Actual,,1712846002
2024-04-11,DB,AIAAIC1426,Subjects,Human rights & civil liberties,Discrimination,Actual,,1712846002
2024-04-11,US,AIAAIC1433,Vulnerable groups,Societal & cultural,Stereotyping,Potential,,1712848236
2024-04-11,US,AIAAIC1426,Vulnerable groups,Human rights & civil liberties,Loss of right to liberty and security,Potential,,1712848419
2024-04-11,US,AIAAIC1426,Vulnerable groups,Societal & cultural,Societal inequality,Actual,,1712848419